row_type,category,hash,name,name_zh
category,主武器-突击步枪,,,
entry,主武器-突击步枪,"=""10845250369047350884""",AR-23 Liberator (Model),AR-23 解放者（主武器，模型）
entry,主武器-突击步枪,"=""4885016034561106550""",AR-23P Liberator Penetrator (Model),AR-23P 穿甲解放者（主武器，模型）
entry,主武器-突击步枪,"=""14942687850090605537""",AR-23C Liberator Concussive (Model),AR-23C 震荡解放者（主武器，模型）
entry,主武器-突击步枪,"=""12100643055971655455""",AR-23A Liberator Carbine (Model),AR-23A 卡宾解放者（主武器，模型）
entry,主武器-突击步枪,"=""13558475039457634667""",AR-32 Pacifier (Model),AR-32 安抚者（主武器，模型）
entry,主武器-突击步枪,"=""8110598756017148880""",AR-59 Suppressor (Model),AR-59 消音器（主武器，模型）
entry,主武器-突击步枪,"=""14845617694460717074""",AR-61 Tenderizer (Model),AR-61 肉锤（主武器，模型）
entry,主武器-突击步枪,"=""9526594500243002157""",AR-2 Coyote (Model),AR-2 野狼（主武器，模型）
entry,主武器-突击步枪,"=""12201875276601049603""",AR/GL-21 One-Two (Model),AR/GL-21 幺二（主武器，模型）
entry,主武器-突击步枪,"=""6912088101323449320""",BR-14 Adjudicator (Model),BR-14 审判者（主武器，模型）
entry,主武器-突击步枪,"=""14840077516977962372""",StA-52 Assault Rifle (Model),StA-52 突击步枪（主武器，模型）
entry,主武器-突击步枪,"=""5601762105466289171""",MA5C Assault Rifle (Model),MA5C 突击步枪（主武器，模型）
category,主武器-精确射手步枪,,,
entry,主武器-精确射手步枪,"=""281046277510948131""",R-63 Diligence (Model),R-63 勤勉（主武器，模型）
entry,主武器-精确射手步枪,"=""5510267968365085927""",R-63CS Diligence Counter Sniper (Model),R-63 反狙击勤勉（主武器，模型）
entry,主武器-精确射手步枪,"=""17308323378831780460""",R-72 Censor (Model),R-72 审查官（主武器，模型）
entry,主武器-精确射手步枪,"=""8896268509512551590""",R-2124 Constitution (Model),R-2124 宪法（主武器，模型）
entry,主武器-精确射手步枪,"=""1117846648694268261""",R-2 Amendment (Model),R-2 修正（主武器，模型）
entry,主武器-精确射手步枪,"=""16634382492500136054""",R-6 Deadeye (Model),R-6 鹰眼（主武器，模型）
entry,主武器-精确射手步枪,"=""16535356726426036192""",R-4 Hyena (Model),R-4 鬣狗（主武器，模型）
category,主武器-冲锋枪,,,
entry,主武器-冲锋枪,"=""5641428405267160100""",SMG-37 Defender (Model),SMG-37 防卫者（主武器，模型）
entry,主武器-冲锋枪,"=""578623101395158887""",SMG-72 Pummeler (Model),SMG-72 暴击斗士（主武器，模型）
entry,主武器-冲锋枪,"=""9957594915860537321""",SMG/FLAM-34 Stoker (Model),SMG/FLAM-34 司炉者（主武器，模型）
entry,主武器-冲锋枪,"=""10768610637301609307""",MP-98 Knight (Model),MP-98 骑士（主武器，模型）
entry,主武器-冲锋枪,"=""1760530725124205338""",SMG-203 Gallant (Model),SMG-203 英勇无畏（主武器，模型）
entry,主武器-冲锋枪,"=""10717884433990741653""",SMG-32 Reprimand (Model),SMG-32 训斥（主武器，模型）
entry,主武器-冲锋枪,"=""5450511615252257986""",StA-11 SMG (Model),StA-11 冲锋枪（主武器，模型）
entry,主武器-冲锋枪,"=""13722729806569931406""",M7S SMG (Model),M7S 冲锋枪（主武器，模型）
category,主武器-霰弹枪,,,
entry,主武器-霰弹枪,"=""4749824949454633632""",SG-8 Punisher (Model),SG-8 制裁者（主武器，模型）
entry,主武器-霰弹枪,"=""5725374950499373869""",SG-8S Slugger (Model),SG-8S 重炮手（主武器，模型）
entry,主武器-霰弹枪,"=""15214248472323070124""",SG-451 Cookout (Model),SG-451 野炊（主武器，模型）
entry,主武器-霰弹枪,"=""5634296840427219794""",SG-20 Halt (Model),SG-20 止息（主武器，模型）
entry,主武器-霰弹枪,"=""5050852199397921576""",SG-225 Breaker (Model),SG-225 破裂者（主武器，模型）
entry,主武器-霰弹枪,"=""6826025955225526457""",SG-225SP Breaker Spray&Pray (Model),SG-225SP 千发百中破裂者（主武器，模型）
entry,主武器-霰弹枪,"=""13918995818598980231""",SG-225IE Breaker Incendiary (Model),SG-225 IE高燃破裂者（主武器，模型）
entry,主武器-霰弹枪,"=""15911719089517557690""",SG-97 Sweeper (Model),SG-97 扫荡者（主武器，模型）
entry,主武器-霰弹枪,"=""8221051007693717489""",DBS-2 Double Freedom (Model),DBS-2 双重自由（主武器，模型）
entry,主武器-霰弹枪,"=""10438714418406872918""",M90A Shotgun (Model),M90A 霰弹枪（主武器，模型）
category,主武器-炸弹,,,
entry,主武器-炸弹,"=""17623191861664038783""",CB-9 Exploding Crossbow (Model),CB-9 爆燃驽（主武器，模型）
entry,主武器-炸弹,"=""13164006426448262783""",R-36 Eruptor (Model),R-36 爆裂铳（主武器，模型）
category,主武器-能量武器,,,
entry,主武器-能量武器,"=""17196401230144941076""",PLAS-1 Scorcher (Model),PLAS-1 焦土（主武器，模型）
entry,主武器-能量武器,"=""18102809172282470538""",PLAS-101 Purifier (Model),PLAS-101 净化者（主武器，模型）
entry,主武器-能量武器,"=""3460488074252222302""",PLAS-39 Accelerator Rifle (Model),PLAS-39 加速步枪（主武器，模型）
entry,主武器-能量武器,"=""421324886246020354""",SG-8P Punisher Plasma (Model),SG-8P 等离子制裁者（主武器，模型）
entry,主武器-能量武器,"=""9093125700741019976""",LAS-22 Shear (Model),LAS-22 切变（主武器，模型）
entry,主武器-能量武器,"=""2877271129141764950""",LAS-5 Scythe (Model),LAS-5 长柄镰（主武器，模型）
entry,主武器-能量武器,"=""4361428863637469552""",LAS-13 Trident (Model),LAS-13 三叉戟（主武器，模型）
entry,主武器-能量武器,"=""9675404802175538082""",LAS-16 Sickle (Model),LAS-16 镰刀（主武器，模型）
entry,主武器-能量武器,"=""2980234130573201393""",LAS-17 Double-Edge Sickle (Model),LAS-17 双刃镰刀（主武器，模型）
entry,主武器-能量武器,"=""1926414056943231889""",R/40-K Hot-shot Marksman Rifle,R/40K 高能精确射手步枪（主武器，模型）
entry,主武器-能量武器,"=""535319041333920260""",ARC-12 Blitzer (Model),ARC-12 雷霆（主武器，模型）
category,主武器-特殊,,,
entry,主武器-特殊,"=""9291384900638350902""",JAR-5 Dominator (Model),JAR-5 主宰（主武器，模型）
entry,主武器-特殊,"=""5742363029208942635""",FLAM-66 Torcher (Model),FLAM-66 火炬手（主武器，模型）
entry,主武器-特殊,"=""17983663411446975103""",VG-70 Variable (Model),VG-70 变数（主武器，模型）
entry,主武器-特殊,"=""5731472083741485993""",Physical Gun (Model),物理枪
category,副武器-手枪,,,
entry,副武器-手枪,"=""424716889947522210""",P-2 Peacemaker (Model),P-2 和平制造者（副武器，模型）
entry,副武器-手枪,"=""10177381595962512386""",P-4 Senator (Model),P-4 参议员（副武器，模型）
entry,副武器-手枪,"=""13682483582340182029""",P-41 Ombudsman (Model),P-41 巡察者（副武器，模型）
entry,副武器-手枪,"=""14375697644675127823""",P-69 Veto (Model),P-69 否决者（副武器，模型）
entry,副武器-手枪,"=""1892480894983787169""",P-113 Verdict (Model),P-113 裁决（副武器，模型）
entry,副武器-手枪,"=""3852172782311805734""",P-19 Redeemer (Model),P-19 救世主（副武器，模型）
entry,副武器-手枪,"=""14954542309183038509""",P-92 Warrant (Model),P-92 法令（副武器，模型）
entry,副武器-手枪,"=""9246974442705720210""",P-92 Warrant (Projectile),P-92 法令（射弹）
entry,副武器-手枪,"=""5573423824998200517""",M6C/SOCOM Pistol (Model),M6C/特种作战 手枪（副武器，模型）
entry,副武器-手枪,"=""15832062961832144321""",P-40-K Bolt Pistol (Model),P/40K 爆弹手枪（副武器，模型）
category,副武器-近战,,,
entry,副武器-近战,"=""18219495801425257306""",CQC-2 Saber (Model),CQC-2 军刀（副武器，模型）
entry,副武器-近战,"=""8731737688384722662""",CQC-42 Machete (Model),CQC-42 砍刀（副武器，模型）
entry,副武器-近战,"=""16408494556715988068""",CQC-19 Stun Lance (Model),CQC-19 眩晕长矛（副武器，模型）
entry,副武器-近战,"=""5966635890313573271""",CQC-30 Stun Baton (Model),CQC-30 眩晕短棍（副武器，模型）
entry,副武器-近战,"=""9088112410931658315""",CQC-72 Entrenchment Tool (Model),CQC-72 堑壕工具（副武器，模型）
entry,副武器-近战,"=""8467154841892407376""",CQC-5 Combat Hatchet (Model),CQC-5 战斗短柄斧（副武器，模型）
category,副武器-特殊,,,
entry,副武器-特殊,"=""8864800879179811976""",LAS-7 Dagger (Model),LAS-7 匕首（副武器，模型）
entry,副武器-特殊,"=""4714430103453754419""",LAS-58 Talon (Model),LAS-58 猛爪（副武器，模型）
entry,副武器-特殊,"=""12279528435724053588""",PLAS-15 Loyalist (Model),PLAS-15 忠诚者（副武器，模型）
entry,副武器-特殊,"=""5972955417680186543""",GP-31 Grenade Pistol (Model),GP-31 榴弹手枪（副武器，模型）
entry,副武器-特殊,"=""11435027044679925718""",GP-20 Ultimatum (Model),GP-20 最后通牒（副武器，模型）
entry,副武器-特殊,"=""3109983482551492476""",SG-22 Bushwhacker (Model),SG-22 游击兵（副武器，模型）
entry,副武器-特殊,"=""1501339492476700580""",P-33 Missile Pistol (Model),P-33 制导手枪（副武器，模型）
entry,副武器-特殊,"=""11621268692152840804""","P-33 Missile Pistol (Projectile, Non-Guided)",P-33 制导手枪（射弹，非制导）
entry,副武器-特殊,"=""10045532014660760388""","P-33 Missile Pistol (Projectile, Guided)",P-34 制导手枪（射弹，制导）
entry,副武器-特殊,"=""830958149412624616""",P-35 Re-Educator (Model),P-35 思想改造（副武器，模型）
entry,副武器-特殊,"=""15470422196992643923""",P-11 Stim Pistol (Model),P-11 治疗剂手枪（副武器，模型）
entry,副武器-特殊,"=""4580928717960105129""",P-72 Crisper (Model),P-72 迅击（副武器，模型）
category,投掷武器-延迟起爆物,,,
entry,投掷武器-延迟起爆物,"=""5542218890398374779""",G-6 Frag (Model),G-6 破片弹（投掷物，模型）
entry,投掷武器-延迟起爆物,"=""530045626612387909""",G-7 Pineapple (Model),G-7 菠萝雷（投掷物，模型）
entry,投掷武器-延迟起爆物,"=""7715225218085078398""",G-12 High Explosive (Model),G-12 高爆弹（投掷物，模型）
entry,投掷武器-延迟起爆物,"=""1456507421651509424""",TED-63 Dynamite(Model),TED-63 炸药（投掷物，模型）
entry,投掷武器-延迟起爆物,"=""6766936627846269706""",G-3 Smole (Model),G-3 烟雾弹（投掷物，模型）
entry,投掷武器-延迟起爆物,"=""294590291936179579""",G-4 Gas (Model),G-4 毒气雷（投掷物，模型）
entry,投掷武器-延迟起爆物,"=""36176771630602099""",G-23 Stun (Model),G-23 眩晕弹（投掷物，模型）
entry,投掷武器-延迟起爆物,"=""15821755148612569419""",G-31 Arc (Model),G-31 电弧雷（投掷物，模型）
entry,投掷武器-延迟起爆物,"=""6918199871803715620""",Shrapnel Grenade (Model),破片手榴弹（投掷物，模型）
entry,投掷武器-延迟起爆物,"=""2303622299803843892""",EMS Grenade (Model),电磁冲击波手榴弹（投掷物，模型）
category,投掷武器-燃烧手雷,,,
entry,投掷武器-燃烧手雷,"=""6635194745446284256""",G-8 Immolation (Model),G-8 焚身（投掷物，模型）
entry,投掷武器-燃烧手雷,"=""316723890334202692""",G-10 Incendiary (Model),G-10 燃烧弹（投掷物，模型）
entry,投掷武器-燃烧手雷,"=""16965724150372546684""",G-13 Incendiary Impact (Model),G-13 燃烧冲击弹（投掷物，模型）
entry,投掷武器-燃烧手雷,"=""284602740380634958""",G-142 Pyrotech (Model),G-142 烟花束（投掷物，模型）
category,投掷武器-接触式投掷物,,,
entry,投掷武器-接触式投掷物,"=""17848709375785648310""",K-2 Throwing Knife (Model),K-2 飞刀（投掷物，模型）
entry,投掷武器-接触式投掷物,"=""8540606443036588471""",G-16 Impact (Model),G-16 冲击弹（投掷物，模型）
entry,投掷武器-接触式投掷物,"=""3258790968645519416""",G-50 Seeker (Model),G-50 寻踪者（投掷物，模型）
entry,投掷武器-接触式投掷物,"=""4587284938949573643""",G-109 Urchin (Model),G-109 海胆雷（投掷物，模型）
entry,投掷武器-接触式投掷物,"=""14249494547947571097""",G-123 Thermite (Model),G-123 铝热剂（投掷物，模型）
entry,投掷武器-接触式投掷物,"=""5058456942810545460""",G-48 Giga Grenade (Model),G-48 千兆级榴弹（投掷物，模型）
entry,投掷武器-接触式投掷物,"=""15760376640790925767""",G-89 Smokescreen (Model),G-89 烟幕（投掷物，模型）
entry,投掷武器-接触式投掷物,"=""14770371728907552577""",Snowball,雪球
category,投掷武器-部署型,,,
entry,投掷武器-部署型,"=""11675163230052555240""",TM-1 Lure Mine (Model),TM-1 诱饵地雷（投掷物，模型）
entry,投掷武器-部署型,"=""2983879645414043401""",G-11 Caltrops (Model),G-11 铁蒺藜（投掷物，模型）
entry,投掷武器-部署型,"=""1989119436006646583""",G/SH-39 Shield (Model),G/SH-39 盾雷（投掷物，模型）
entry,投掷武器-部署型,"=""17171117602208659444""",G-40-K Meltamine (Model),G/40K 热熔地雷（投掷物，模型）
category,超级地球阵营实体,,,
entry,超级地球阵营实体,"=""5556372446766824087""",Player Clone (Avatar),玩家本体
entry,超级地球阵营实体,"=""11530114387757953774""",SEAF MK1,SEAF MK1
entry,超级地球阵营实体,"=""6089208603239816028""",SEAF MK2,SEAF MK2
entry,超级地球阵营实体,"=""7719924637775600975""",SEAF With Backpack,背包SEAF
entry,超级地球阵营实体,"=""13617855600110100742""",SEAF With Wireless MK1,无线电SEAF MK1
entry,超级地球阵营实体,"=""8708480032737395252""",SEAF With Wireless MK2,无线电SEAF MK2
entry,超级地球阵营实体,"=""1460639142923993241""",Medical SEAF MK1,医疗兵SEAF MK1
entry,超级地球阵营实体,"=""8048468262572802857""",Medical SEAF MK2,医疗兵SEAF MK2
entry,超级地球阵营实体,"=""14155525937218621891""",Medical SEAF MK3,医疗兵SEAF MK3
entry,超级地球阵营实体,"=""13814167941378577880""",Mg/Anti-Tank SEAF MK1,机枪次抛SEAF MK1
entry,超级地球阵营实体,"=""12023698573119337990""",Mg/Anti-Tank SEAF MK2,机枪次抛SEAF MK2
entry,超级地球阵营实体,"=""8500519467319350019""",SEAF Support Payload,SEAF支援载荷一
entry,超级地球阵营实体,"=""4523743231976604992""",SEAF Support Pelican,SEAF支援专用鹈鹕
entry,超级地球阵营实体,"=""3699688105859939822""",SEAF's AR-23 Liberator,SEAF的AR-23 解放者
entry,超级地球阵营实体,"=""14576954583701429272""",SEAF's SMG-37,SEAF的SMG-37 防卫者
entry,超级地球阵营实体,"=""227172373006170809""",SEAF's Stim Pistol,SEAF的治疗手枪
entry,超级地球阵营实体,"=""6653197749152526844""",SEAF's EAT-17,SEAF的EAT-17
entry,超级地球阵营实体,"=""6374978293970811313""",SEAF's MG-43,SEAF的MG-43 机枪
entry,超级地球阵营实体,"=""14311811701081201939""",SEAF's HE Grenade,SEAF的高爆手雷
entry,超级地球阵营实体,"=""8984148997880128877""",SEAF's Medical Backpack,SEAF的医疗兵背包
entry,超级地球阵营实体,"=""14248470164113099676""",SEAF's Gray Backpack,SEAF的灰色背包
entry,超级地球阵营实体,"=""11855261590174697195""",SEAF's Wireless Backpack,SEAF的无线电背包
entry,超级地球阵营实体,"=""5385448928519479034""",Civilian,平民
entry,超级地球阵营实体,"=""5555647998940836938""",Civilian MK2,平民 MK2
entry,超级地球阵营实体,"=""3836043307793934489""",Civilian MK3,平民 MK3
entry,超级地球阵营实体,"=""7712844951779243309""",Civilian MK4,平民 MK4
entry,超级地球阵营实体,"=""3754586476635072036""",Civilian MK5,平民 MK5
entry,超级地球阵营实体,"=""14706222259390606723""",Civilian MK6,平民 MK6
entry,超级地球阵营实体,"=""16507283781696478269""",Civilian MK7,平民 MK7
entry,超级地球阵营实体,"=""10665281465322007152""",Civilian MK8,平民 MK8
entry,超级地球阵营实体,"=""17943362722330235151""",Extractable Worker Male,撤离的科学家 男
entry,超级地球阵营实体,"=""14040307618832651425""",Extractable Worker Male MK2,撤离的科学家 男 MK2
entry,超级地球阵营实体,"=""7444362792725516608""",Extractable Worker Male MK3,撤离的科学家 男 MK3
entry,超级地球阵营实体,"=""1232841523375292236""",Extractable Worker Male MK4,撤离的科学家 男 MK4
entry,超级地球阵营实体,"=""1024464436030047776""",Extractable Worker Female,撤离的科学家 女
entry,超级地球阵营实体,"=""9683243174428770658""",Extractable Worker Female MK2,撤离的科学家 女 MK2
entry,超级地球阵营实体,"=""10179078936557797909""",Extractable Worker Female MK3,撤离的科学家 女 MK3
entry,超级地球阵营实体,"=""15395181080776134584""",Extractable Worker Female MK4,撤离的科学家 女 MK4
category,驱逐舰NPC与装饰物,,,
entry,驱逐舰NPC与装饰物,"=""7587445649108074590""",Officer (No Package),舰长
entry,驱逐舰NPC与装饰物,"=""16841371283351459334""",Officer MK2 (No Package),舰长 MK2
entry,驱逐舰NPC与装饰物,"=""15599629815890585244""",Officer MK3 (No Package),舰长 MK3
entry,驱逐舰NPC与装饰物,"=""12013007335500498924""",Officer MK4,舰长 MK4
entry,驱逐舰NPC与装饰物,"=""3128706810926128882""",Officer MK5,舰长 MK5
entry,驱逐舰NPC与装饰物,"=""14970376349450767867""",Officer's Laptop,舰长笔记本电脑（挂载点）
entry,驱逐舰NPC与装饰物,"=""2210598302234166538""",Ship Quartermaster,民主官
entry,驱逐舰NPC与装饰物,"=""850711056443892715""",Personal Officer,技术员
entry,驱逐舰NPC与装饰物,"=""13575269880792024885""",Eagle Pilot,飞鹰驾驶员（废案）
entry,驱逐舰NPC与装饰物,"=""15701184648926402687""",Personnel Generic MK1,舰船工人 MK1
entry,驱逐舰NPC与装饰物,"=""5938625030399109341""",Personnel Generic MK2,舰船工人 MK2
entry,驱逐舰NPC与装饰物,"=""11843619417684963016""",Personnel Generic MK3,舰船工人 MK3（穿护具）
entry,驱逐舰NPC与装饰物,"=""18047604708754565239""",Personnel Generic MK4,舰船工人 MK4
entry,驱逐舰NPC与装饰物,"=""2186831762627068031""",Personnel Generic MK5,舰船工人 MK5
entry,驱逐舰NPC与装饰物,"=""7057055776013546117""",Personnel Generic MK6,舰船工人 MK6
entry,驱逐舰NPC与装饰物,"=""5268813631875709973""",Personnel Generic MK7,舰船工人 MK7
entry,驱逐舰NPC与装饰物,"=""15336140906172278556""",Personnel Generic MK8,舰船工人 MK8
entry,驱逐舰NPC与装饰物,"=""14054387432745785364""",Personnel Generic MK9,舰船工人 MK9
entry,驱逐舰NPC与装饰物,"=""11353844921854370643""",Personnel Generic MK10,舰船工人 MK10
entry,驱逐舰NPC与装饰物,"=""4960479884336891143""",Personnel Generic MK11,舰船工人 MK11
entry,驱逐舰NPC与装饰物,"=""12165351853986040244""",Personnel Generic MK12,舰船工人 MK12
entry,驱逐舰NPC与装饰物,"=""15691978653806246852""",Personnel Generic MK13,舰船工人 MK13
entry,驱逐舰NPC与装饰物,"=""5077454099412397096""",Personnel Generic MK14,舰船工人 MK14
entry,驱逐舰NPC与装饰物,"=""8785151313511435740""",Personnel Generic MK15,舰船工人 MK15
entry,驱逐舰NPC与装饰物,"=""9576485996670470682""",Personnel Generic MK16,舰船工人 MK16
entry,驱逐舰NPC与装饰物,"=""9513169167295339035""",Personnel Generic MK17,舰船工人 MK17
entry,驱逐舰NPC与装饰物,"=""552747719338665864""",Personnel Generic MK18,舰船工人 MK18
entry,驱逐舰NPC与装饰物,"=""8604848163181421628""",Personnel Generic MK19,舰船工人 MK19
entry,驱逐舰NPC与装饰物,"=""1239378520908923324""",Personnel Generic MK20,舰船工人 MK20
entry,驱逐舰NPC与装饰物,"=""6674443306042095289""",Personnel Generic MK21,舰船工人 MK21
entry,驱逐舰NPC与装饰物,"=""5650246641905721936""",Personnel Generic MK22,舰船工人 MK22
entry,驱逐舰NPC与装饰物,"=""11297499216687771913""",Personnel Generic MK23,舰船工人 MK23
entry,驱逐舰NPC与装饰物,"=""14828710641940459992""",Personnel Generic MK24,舰船工人 MK24
entry,驱逐舰NPC与装饰物,"=""15809454270358060682""",Personnel Generic MK25,舰船工人 MK25
entry,驱逐舰NPC与装饰物,"=""2108432737919758797""",Personnel Generic MK26,舰船工人 MK26
entry,驱逐舰NPC与装饰物,"=""6573294226403228713""",Avatar Stance,护甲架
entry,驱逐舰NPC与装饰物,"=""7517413542877783132""",Hellpod Launcher,绝地喷射舱盖子
entry,驱逐舰NPC与装饰物,"=""4509239933806400256""",Hellpod Launcher Deactivated,未激活绝地喷射舱
entry,驱逐舰NPC与装饰物,"=""8685302826332299227""",Ship Hellpod Delivery System,舰船绝地喷射舱传送系统
entry,驱逐舰NPC与装饰物,"=""1158920509361829091""",Ship Pelican (Model),舰船鹈鹕（模型）
entry,驱逐舰NPC与装饰物,"=""3625837961553494781""",Ship Terminal,舰船终端互动
entry,驱逐舰NPC与装饰物,"=""3969673985818503563""",Electric Drill,电钻
category,进攻型-轨道类,,,
entry,进攻型-轨道类,"=""14454233564159978284""",Orbital Presicion Strike,轨道精准攻击
entry,进攻型-轨道类,"=""428906543397164902""",Orbital Gas Strike,轨道毒气攻击
entry,进攻型-轨道类,"=""15418256429181436981""",Orbital Gas Strike (Shell),轨道毒气攻击（占位符）
entry,进攻型-轨道类,"=""8480614394778878677""",Orbital Airburst Strike,轨道空爆攻击
entry,进攻型-轨道类,"=""1557793363170559029""",Orbital Airburst Strike (Shell),轨道空爆攻击（占位符）
entry,进攻型-轨道类,"=""15741945895218221769""",Orbital Smoke Strike,轨道烟雾攻击
entry,进攻型-轨道类,"=""1975855326460511285""",Orbital Smoke Strike (Shell),轨道烟雾攻击（占位符）
entry,进攻型-轨道类,"=""12399142748360190921""",Orbital Railcannon,轨道炮攻击
entry,进攻型-轨道类,"=""12461683779649274933""",Orbital Railcannon (Shell),轨道炮攻击（占位符）
entry,进攻型-轨道类,"=""6193421986545774326""",Orbital EMS Strike,轨道电磁冲击波攻击
entry,进攻型-轨道类,"=""16669109935530705973""",Orbital EMS Strike (Shell),轨道电磁冲击波攻击（占位符）
entry,进攻型-轨道类,"=""17020640004553544635""",Orbital Laser,轨道激光炮
entry,进攻型-轨道类,"=""3397257356679758881""",Orbital Gatling Barrage,轨道加特林火力网
entry,进攻型-轨道类,"=""2586731142""",Orbital Gatling Barrage (Shell),轨道加特林火力网（占位符）
entry,进攻型-轨道类,"=""11631307996670093680""",Orbital Napalm Barrage,轨道凝固汽油弹火力网
entry,进攻型-轨道类,"=""1992076760807506997""",Orbital Napalm Barrage (Shell),轨道凝固汽油弹火力网（占位符）
entry,进攻型-轨道类,"=""3259427501513118129""",Orbital 120MM HE Barrage,轨道120MM高爆弹火力网
entry,进攻型-轨道类,"=""17250673437555536342""",Orbital 380MM HE Barrage,轨道380MM高爆弹火力网
entry,进攻型-轨道类,"=""14663462306863854060""",Orbital Walking Barrage,轨道游走火力网
entry,进攻型-轨道类,"=""2827764056717132853""",Orbital Walking Barrage (Shell),轨道游走火力网（占位符）
entry,进攻型-轨道类,"=""636569617391024041""",Orbital Walking Barrage Smoke,轨道游走烟雾火力网
entry,进攻型-轨道类,"=""9802092988557504399""",Traitor Execution Barrage,叛徒火力网
entry,进攻型-轨道类,"=""4400483397467331392""",Orbital Illumination Flare,轨道照明弹
category,进攻型-飞鹰类,,,
entry,进攻型-飞鹰类,"=""2568747792294183916""",Eagle Strafe Run,飞鹰机枪扫射
entry,进攻型-飞鹰类,"=""851455025217071569""",Eagle Fast Strike,飞鹰快速打击
entry,进攻型-飞鹰类,"=""1557793364787817407""",Eagle Strafe Run (Shell),飞鹰机枪扫射（占位符）
entry,进攻型-飞鹰类,"=""18223572581977941174""",Eagle Cannon (Model),飞鹰机炮（模型，废案）
entry,进攻型-飞鹰类,"=""4140939466573601321""",Eagle 110MM Rocket Pods,飞鹰110火箭巢
entry,进攻型-飞鹰类,"=""15427223248770919359""",Eagle 110MM Rocket Pods (Shell),飞鹰110火箭巢（占位符）
entry,进攻型-飞鹰类,"=""1048253586034524965""",Eagle 110MM Rocket Pods Left (Model),飞鹰火箭发射器（左，模型）
entry,进攻型-飞鹰类,"=""5216613704205457395""",Eagle 110MM Rocket Pods Right (Model),飞鹰火箭发射器（右，模型）
entry,进攻型-飞鹰类,"=""5344291599364980417""",Eagle 110MM Rocket Pods (Model),飞鹰火箭发射器（旧模型）
entry,进攻型-飞鹰类,"=""11097725261183806474""",Eagle Rocket (Model),飞鹰火箭（模型）
entry,进攻型-飞鹰类,"=""16450357640400839941""",Eagle 500KG Bomb,飞鹰500KG炸弹
entry,进攻型-飞鹰类,"=""2827764058334391231""",Eagle 500KG Bomb (Shell),飞鹰500KG炸弹（占位符）
entry,进攻型-飞鹰类,"=""14855805920191068159""",Rocket (No Package),火箭（无包裹模型）
entry,进攻型-飞鹰类,"=""16121648674137865605""",Eagle Air-To-Air Missiles,飞鹰空对空导弹
entry,进攻型-飞鹰类,"=""8931113654844353471""",Eagle Air-To-Air Missiles (Shell),飞鹰空对空导弹（占位符）
entry,进攻型-飞鹰类,"=""16983968416304026806""",Eagle Missile (Model),飞鹰导弹（模型）
entry,进攻型-飞鹰类,"=""14105421989938913075""",Eagle Missile MK2 (Model),飞鹰导弹 MK2（模型）
entry,进攻型-飞鹰类,"=""3359716870288230953""",Eagle Airstrike,飞鹰空袭
entry,进攻型-飞鹰类,"=""1962385103464102102""",Eagle Air Strike Smoke,飞鹰烟雾
entry,进攻型-飞鹰类,"=""1975855328077769663""",Eagle Air Strike Smoke (Shell),飞鹰烟雾（占位符）
entry,进攻型-飞鹰类,"=""11335415903596859741""",Eagle Cluster Bomb,飞鹰集束炸弹
entry,进攻型-飞鹰类,"=""14299138964511222719""",Eagle Cluster Bomb (Shell),飞鹰集束炸弹（占位符）
entry,进攻型-飞鹰类,"=""2862976050209719244""",Eagle Napalm Airstrike (Shell),飞鹰凝固汽油弹
entry,进攻型-飞鹰类,"=""1992076762424765375""",Eagle Napalm Airstrike (Shell),飞鹰凝固汽油弹（占位符）
entry,进攻型-飞鹰类,"=""15830863719876386710""",Eagle Gas Strike,飞鹰毒气空袭
category,补给型-支援武器-近战,,,
entry,补给型-支援武器-近战,"=""16975580601286218750""",CQC-1 One True Flag (Hellpod),CQC-1 唯一真旗帜（支架）
entry,补给型-支援武器-近战,"=""12750169196543686872""",CQC-1 One True Flag (Model),CQC-1 唯一真旗帜（模型）
entry,补给型-支援武器-近战,"=""9196357621753489238""",CQC-9 Defoliation Tool (Hellpod),CQC-9 除叶工具（支架）
entry,补给型-支援武器-近战,"=""13784670920243131812""",CQC-9 Defoliation Tool (Model),CQC-9 除叶工具（模型）
entry,补给型-支援武器-近战,"=""10212114617817310457""",CQC-20 Breaching Hammer (Hellpod),CQC-20 破门锤（支架）
entry,补给型-支援武器-近战,"=""6863144698475545939""",CQC-20 Breaching Hammer (Model),CQC-20 破门锤（模型）
category,补给型-支援武器-机枪,,,
entry,补给型-支援武器-机枪,"=""3586234782721573506""",M-105 Stalwart (Hellpod),M-105 盟友（支架）
entry,补给型-支援武器-机枪,"=""12008625947668001407""",M-105 Stalwart (Model),M-105 盟友（模型）
entry,补给型-支援武器-机枪,"=""1573296579562737333""",M-105 Stalwart MK2 (Model),M-105 盟友 MK2（模型）
entry,补给型-支援武器-机枪,"=""12984499893943104780""",M-105 Stalwart MK3 (Model),M-105 盟友 MK3（模型）
entry,补给型-支援武器-机枪,"=""10719993517856893473""",MG-43 Machine Gun (Hellpod),MG-43 机枪（支架）
entry,补给型-支援武器-机枪,"=""1279722939363854678""",MG-43 Machine Gun (Model),MG-43 机枪（模型）
entry,补给型-支援武器-机枪,"=""1141864099511539165""",MG-206 Heavy Machine Gun (Hellpod),MG-206 重机枪（支架）
entry,补给型-支援武器-机枪,"=""2401215835282261016""",MG-206 Heavy Machine Gun (Model),MG-206 重机枪（模型）
entry,补给型-支援武器-机枪,"=""14772015414747343144""",MG-206 Heavy Machine Gun MK2 (Model),MG-206 重机枪 MK2（模型）
category,补给型-支援武器-狙击,,,
entry,补给型-支援武器-狙击,"=""13125214096466681673""",RS-422 Railgun (Hellpod),RS-422 磁轨炮（支架）
entry,补给型-支援武器-狙击,"=""3358853937828503136""",RS-422 Railgun (Model),RS-422 磁轨炮（模型）
entry,补给型-支援武器-狙击,"=""6678650487122301993""",S-11 Speargun (Hellpod),S-11 矛枪（支架）
entry,补给型-支援武器-狙击,"=""4046732776742447255""",S-11 Speargun (Model),S-11 矛枪（模型）
entry,补给型-支援武器-狙击,"=""9879448964426328539""",APW-1 Anti-Materiel Rifle (Hellpod),APW-1 反器材步枪（支架）
entry,补给型-支援武器-狙击,"=""9927421484392399367""",APW-1 Anti-Materiel Rifle (Model),APW-1 反器材步枪（模型）
category,补给型-支援武器-爆炸武器,,,
entry,补给型-支援武器-爆炸武器,"=""5096354858712799022""",PLAS-45 Epoch (Hellpod),PLAS-45 纪元（支架）
entry,补给型-支援武器-爆炸武器,"=""16777584932715761236""",PLAS-45 Epoch (Model),PLAS-45 纪元（模型）
entry,补给型-支援武器-爆炸武器,"=""2315516436421582687""",GL-21 Grenade Launcher (Hellpod),GL-21 榴弹发射器（支架）
entry,补给型-支援武器-爆炸武器,"=""211331680192206384""",GL-21 Grenade Launcher (Model),GL-21 榴弹发射器（模型）
entry,补给型-支援武器-爆炸武器,"=""2114795373903595840""",GL-21 Grenade Launcher MK2 (Model),GL-21 榴弹发射器 MK2（模型）
entry,补给型-支援武器-爆炸武器,"=""3415909520450653186""",GL-52 De-Escalator (Hellpod),GL-52 缓和使者（支架）
entry,补给型-支援武器-爆炸武器,"=""18319281757224320923""",GL-52 De-Escalator (Model),GL-52 缓和使者（模型）
category,补给型-支援武器-射流武器,,,
entry,补给型-支援武器-射流武器,"=""16793772489963160606""",FLAM-40 Flame Thrower (Hellpod),FLAM-40 火焰喷射器（支架）
entry,补给型-支援武器-射流武器,"=""4155583896232633279""",FLAM-40 Flame Thrower (Model),FLAM-40 火焰喷射器（模型）
entry,补给型-支援武器-射流武器,"=""13534862741616025304""",TX-41 Sterilizer (Hellpod),TX-41 灭菌器（支架）
entry,补给型-支援武器-射流武器,"=""9869105320050739364""",TX-41 Sterilizer (Model),TX-41 灭菌器（模型）
category,补给型-支援武器-能量武器,,,
entry,补给型-支援武器-能量武器,"=""18294292771580135983""",LAS-98 Laser Cannon (Hellpod),LAS-98 激光大炮（支架）
entry,补给型-支援武器-能量武器,"=""15369542005276747891""",LAS-98 Laser Cannon (Model),LAS-98 激光大炮（模型）
entry,补给型-支援武器-能量武器,"=""7470354883998204659""",LAS-99 Quasar Cannon (Hellpod),LAS-99 类星体加农炮（支架）
entry,补给型-支援武器-能量武器,"=""3865797767236207742""",LAS-99 Quasar Cannon (Model),LAS-99 类星体加农炮（模型）
entry,补给型-支援武器-能量武器,"=""5546703783041515346""",ARC-3 Arc Thrower (Hellpod),ARC-3 电弧发射器（支架）
entry,补给型-支援武器-能量武器,"=""10871298989420119782""",ARC-3 Arc Thrower (Model),ARC-3 电弧发射器（模型）
entry,补给型-支援武器-能量武器,"=""5643845069706156830""",40-K Meltagun (Hellpod),40K 热熔枪（支架）
entry,补给型-支援武器-能量武器,"=""7853371720342307430""",40-K Meltagun (Model),40K 热熔枪（模型）
category,补给型-支援武器-消耗性武器,,,
entry,补给型-支援武器-消耗性武器,"=""992939827990506476""",EAT-17 Expendable Anti-Tank (Hellpod),EAT-17 消耗性反坦克武器（支架）
entry,补给型-支援武器-消耗性武器,"=""9264801226655597011""",EAT-17 Expendable Anti-Tank (Model),EAT-17 消耗性反坦克武器（模型）
entry,补给型-支援武器-消耗性武器,"=""9988513589272608914""",EAT-411 Leveller (Hellpod),EAT-411 荡平者（支架）
entry,补给型-支援武器-消耗性武器,"=""8509380141312129223""",EAT-411 Leveller (Model),EAT-411 荡平者（模型）
entry,补给型-支援武器-消耗性武器,"=""2353971082640043615""",EAT-700 Expendable Napalm (Hellpod),EAT-700 消耗性凝固汽油弹（支架）
entry,补给型-支援武器-消耗性武器,"=""12877445900026273694""",EAT-700 Expendable Napalm (Model),EAT-700 消耗性凝固汽油弹（模型）
entry,补给型-支援武器-消耗性武器,"=""11594114104552493871""",MLS-4X Commando (Hellpod),MLS-4X 突击兵（支架）
entry,补给型-支援武器-消耗性武器,"=""6453678319562593995""",MLS-4X Commando (Model),MLS-4X 突击兵（模型）
entry,补给型-支援武器-消耗性武器,"=""5941497820588716999""",MLS-4X Commando (Projectile),MLS-4X 突击兵（射弹）
entry,补给型-支援武器-消耗性武器,"=""14444545864073080978""",MGX-42 Bullet Storm (Hellpod),MGX-42 子弹风暴（支架）
entry,补给型-支援武器-消耗性武器,"=""12784766379234794359""",MGX-42 Bullet Storm (Model),MGX-42 子弹风暴（模型）
entry,补给型-支援武器-消耗性武器,"=""16003672528522815935""",Mini Missile Silo (Hellpod),MS-11 单兵导弹发射井（发射井）
entry,补给型-支援武器-消耗性武器,"=""18163938711866866090""",Mini Missile Silo Target Designator (Model),MS-11 单兵导弹发射井（激光指示器）
entry,补给型-支援武器-消耗性武器,"=""15986416455258940649""","Mini Missile Silo (Missile, Model)",MS-11 单兵导弹发射井（导弹）
category,补给型-支援武器-弹药背包武器,,,
entry,补给型-支援武器-弹药背包武器,"=""6863983759145391137""",AC-8 Autocannon (Hellpod),AC-8 机炮（支架）
entry,补给型-支援武器-弹药背包武器,"=""12164217308285983839""",AC-8 Autocannon (Model),AC-8 机炮（武器，模型）
entry,补给型-支援武器-弹药背包武器,"=""16576307969206587212""",AC-8 Autocannon Backpack (Model),AC-8 机炮（背包，模型）
entry,补给型-支援武器-弹药背包武器,"=""15991884556147755475""",GR-8 Recoilless Rifle (Hellpod),GR-8 无后坐力炮（支架）
entry,补给型-支援武器-弹药背包武器,"=""11493422068836852751""",GR-8 Recoilless Rifle (Model),GR-8 无后坐力炮（武器，模型）
entry,补给型-支援武器-弹药背包武器,"=""1945762457460294290""",GR-8 Recoilless Rifle Backpack (Model),GR-8 无后坐力炮（背包，模型）
entry,补给型-支援武器-弹药背包武器,"=""14586739053780151064""",RL-77 Airburst Rocket Launcher (Hellpod),RL-77 空爆火箭发射器（支架）
entry,补给型-支援武器-弹药背包武器,"=""2802369506329449110""",RL-77 Airburst Rocket Launcher (Model),RL-77 空爆火箭发射器（武器，模型）
entry,补给型-支援武器-弹药背包武器,"=""16671435828232852140""",RL-77 Airburst Rocket Launcher Backpack (Model),RL-77 空爆火箭发射器（背包，模型）
entry,补给型-支援武器-弹药背包武器,"=""14231239742203987259""",FAF-14 Spear (Hellpod),FAF-14 飞矛（支架）
entry,补给型-支援武器-弹药背包武器,"=""2714034314705433838""",FAF-14 Spear (Model),FAF-14 飞矛（武器，模型）
entry,补给型-支援武器-弹药背包武器,"=""10287068634025973658""",FAF-14 Spear Backpack (Model),FAF-14 飞矛（背包，模型）
entry,补给型-支援武器-弹药背包武器,"=""1892395315508858535""",FAF-14 Spear (Projectile),FAF-14 飞矛（射弹）
entry,补给型-支援武器-弹药背包武器,"=""747660740534049118""",StA-X3 W.A.S.P. Launcher (Hellpod),StA-X3 WASP 发射器（支架）
entry,补给型-支援武器-弹药背包武器,"=""14733648658679365221""",StA-X3 W.A.S.P. Launcher (Model),StA-X3 WASP 发射器（武器，模型）
entry,补给型-支援武器-弹药背包武器,"=""13330286337704337139""",StA-X3 W.A.S.P. Launcher Backpack (Model),StA-X3 WASP 发射器（背包，模型）
entry,补给型-支援武器-弹药背包武器,"=""1498587865351116786""","StA-X3 W.A.S.P. Launcher (Projectile, Artillery)",StA-X3 WASP 发射器（射弹，连射模式）
entry,补给型-支援武器-弹药背包武器,"=""1555905102754201235""","StA-X3 W.A.S.P. Launcher (Projectile, Burst)",StA-X3 WASP 发射器（射弹，大炮模式）
entry,补给型-支援武器-弹药背包武器,"=""777378755084961873""",B/MD C4 Pack (Hellpod),B/MD C4 背包（支架）
entry,补给型-支援武器-弹药背包武器,"=""5905641205788913469""",B/MD C4 Pack Detonator (Model),B/MD C4 背包 引爆器（武器，模型）
entry,补给型-支援武器-弹药背包武器,"=""3033447149328295793""",B/MD C4 Pack Backpack (Model),B/MD C4 背包（背包，模型）
entry,补给型-支援武器-弹药背包武器,"=""11201896471107657063""",C4 (Model),B/MD C4 背包（C4实体）
category,补给型-支援武器-弹链背包武器,,,
entry,补给型-支援武器-弹链背包武器,"=""8337919257571739556""",M-1000 Maxigun (Hellpod),M-1000 重装机枪（支架）
entry,补给型-支援武器-弹链背包武器,"=""4874456896233937276""",M-1000 Maxigun (Model),M-1000 重装机枪（武器，模型）
entry,补给型-支援武器-弹链背包武器,"=""391216982669554238""",M-1000 Maxigun Backpack (Model),M-1000 重装机枪（背包，模型）
entry,补给型-支援武器-弹链背包武器,"=""13220630793330837644""",GL-28 Belt-Fed Grenade Launcher (Hellpod),GL-28 弹链式榴弹发射器（支架）
entry,补给型-支援武器-弹链背包武器,"=""9854668298113416351""",GL-28 Belt-Fed Grenade Launcher (Model),GL-28 弹链式榴弹发射器（武器，模型）
entry,补给型-支援武器-弹链背包武器,"=""13495904577777136893""",GL-28 Belt-Fed Grenade Launcher Backpack (Model),GL-28 弹链式榴弹发射器（背包，模型）
entry,补给型-支援武器-弹链背包武器,"=""14577940623038630357""",B/FLAM-80 Cremator (Hellpod),B/FLAM-80 焚燃者（支架）
entry,补给型-支援武器-弹链背包武器,"=""8694225878611593109""",B/FLAM-80 Cremator (Model),B/FLAM-80 焚燃者（武器，模型）
entry,补给型-支援武器-弹链背包武器,"=""4894036464529596640""",B/FLAM-80 Cremator Backpack (Model),B/FLAM-80 焚燃者（背包，模型）
category,补给型-功能性背包,,,
entry,补给型-功能性背包,"=""3548847957556322972""",B-1 Supply Pack (Hellpod),B-1 补给背包（支架）
entry,补给型-功能性背包,"=""5690760409550920280""",B-1 Supply Pack (Model),B-1 补给背包（模型）
entry,补给型-功能性背包,"=""8630355153153141386""",B-100 Portable Hellbomb (Hellpod),B-100 便携式地狱火炸弹（支架）
entry,补给型-功能性背包,"=""11155000903228636302""",B-100 Portable Hellbomb (Model),B-100 便携式地狱火炸弹（模型）
entry,补给型-功能性背包,"=""5511920513804679707""",LIFT-182 Warp Pack (Hellpod),LIFT-182 传送背包（支架）
entry,补给型-功能性背包,"=""13012964727571811944""",LIFT-182 Warp Pack (Model),LIFT-182 传送背包（模型）
entry,补给型-功能性背包,"=""5970902984446543682""",LIFT-860 Hover Pack (Hellpod),LIFT-860 悬浮背包（支架）
entry,补给型-功能性背包,"=""6829725667368330959""",LIFT-860 Hover Pack (Model),LIFT-860 悬浮背包（模型）
entry,补给型-功能性背包,"=""7004572901293848370""",LIFT-850 Jump Pack (Hellpod),LIFT-850 喷射背包（支架）
entry,补给型-功能性背包,"=""6468799106264970105""",LIFT-850 Jump Pack (Model),LIFT-850 喷射背包（模型）
entry,补给型-功能性背包,"=""17910078671568111462""",SH-32 Shield Generator Pack (Hellpod),SH-32 防护罩生成包（支架）
entry,补给型-功能性背包,"=""1353568197974522460""",SH-32 Shield Generator Pack (Model),SH-32 防护罩生成包（模型）
entry,补给型-功能性背包,"=""655326963730992680""",SH-51 Directional Shield (Hellpod),SH-51 定向护盾（支架）
entry,补给型-功能性背包,"=""11882632134944470026""",SH-51 Directional Shield (Model),SH-51 定向护盾（模型）
entry,补给型-功能性背包,"=""13073848517301108907""",SH-51 Directional Shield (Shield),SH-51 定向护盾（护盾）
entry,补给型-功能性背包,"=""4202058061031081322""",SH-20 Ballistic Shield Backpack (Hellpod),SH-20 防弹盾牌背包（支架）
entry,补给型-功能性背包,"=""10844335154607830587""",SH-20 Ballistic Shield Backpack (Model),SH-20 防弹盾牌背包（模型）
entry,补给型-功能性背包,"=""6889076721164976792""",SH-20 Ballistic Shield Backpack Small (Model),SH-20 防弹护盾背包 小型 (模型)
entry,补给型-功能性背包,"=""17709977744562302112""",SH-20 Ballistic Shield Backpack MK2 (Model),SH-20 防弹护盾背包 MK2 (模型)
category,补给型-背包无人机,,,
entry,补给型-背包无人机,"=""578662561602494491""",AX/AR-23 Guard Dog (Hellpod),AX/AR-23 护卫犬（支架）
entry,补给型-背包无人机,"=""2692796710804508396""",AX/AR-23 Guard Dog (Backpack),AX/AR-23 护卫犬（背包）
entry,补给型-背包无人机,"=""11601043503813400874""",AX/AR-23 Guard Dog (Drone),AX/AR-23 护卫犬（无人机）
entry,补给型-背包无人机,"=""11756121139324203897""",AX/AR-23 Guard Dog AR-23P (Model),AX/AR-23 护卫犬（武器）
entry,补给型-背包无人机,"=""114072341195801864""",AX/AR-23 Guard Dog MK2 (Drone),AX/AR-23 护卫犬 MK2（无人机）
entry,补给型-背包无人机,"=""2753976566055493778""",AX/AR-23 Guard Dog MK2 Gun (Model),AX/AR-23 护卫犬 MK2（武器）
entry,补给型-背包无人机,"=""17870518574608098412""",AX/AR-23 Guard Dog MK3 (Drone),AX/AR-23 护卫犬 MK3（无人机）
entry,补给型-背包无人机,"=""4416184955867381998""",AX/AR-23 Guard Dog MK3 Gun (Model),AX/AR-23 护卫犬 MK3（武器）
entry,补给型-背包无人机,"=""18002332014700027641""",AX/AR-23 Guard Dog MK4 (Drone),AX/AR-23 护卫犬 MK4（无人机）
entry,补给型-背包无人机,"=""11616925890035912226""",AX/AR-23 Guard Dog Plasma Gun (Model),AX/AR-23 护卫犬 MK5（武器）
entry,补给型-背包无人机,"=""16028040304287202855""",AX/LAS-5 Rover (Hellpod),AX/LAS-5 漫游车（支架）
entry,补给型-背包无人机,"=""12653822188347841538""",AX/LAS-5 Rover (Backpack),AX/LAS-5 漫游车（背包）
entry,补给型-背包无人机,"=""6624453650490018537""",AX/LAS-5 Rover (Drone),AX/LAS-5 漫游车（无人机）
entry,补给型-背包无人机,"=""8743388434472300512""",AX/LAS-5 Rover MK2 (Drone),AX/LAS-5 漫游车 MK2（无人机）
entry,补给型-背包无人机,"=""3199457897835937068""",AX/LAS-5 Rover Gun (Model),AX/LAS-5 漫游车（武器）
entry,补给型-背包无人机,"=""15628185827517046516""",AX/TX-13 Dog Breath (Hellpod),AX/TX-13 腐息（支架）
entry,补给型-背包无人机,"=""13834130950471716570""",AX/TX-13 Dog Breath (Backpack),AX/TX-13 腐息（背包）
entry,补给型-背包无人机,"=""13383279112602229081""",AX/TX-13 Dog Breath (Drone),AX/TX-13 腐息（无人机）
entry,补给型-背包无人机,"=""13198259103089806061""",AX/TX-13 Dog Breath Gun (Model),AX/TX-13 腐息（武器）
entry,补给型-背包无人机,"=""4702722572603225990""",AX/FLAM-75 Hot Dog (Hellpod),AX/FLAM-75 热狗（支架）
entry,补给型-背包无人机,"=""3464783698532994381""",AX/FLAM-75 Hot Dog (Backpack),AX/FLAM-75 热狗（背包）
entry,补给型-背包无人机,"=""10925341024319250374""",AX/FLAM-75 Hot Dog (Drone),AX/FLAM-75 热狗（无人机）
entry,补给型-背包无人机,"=""7335593197372175302""",AX/FLAM-75 Hot Dog Gun (Model),AX/FLAM-75 热狗（武器）
entry,补给型-背包无人机,"=""8276213418471108848""",AX/ARC-3 K-9 (Hellpod),AX/ARC-3 K9（支架）
entry,补给型-背包无人机,"=""14019044913798069754""",AX/ARC-3 K-9 (Backpack),AX/ARC-3 K9（背包）
entry,补给型-背包无人机,"=""5406314287462237588""",AX/ARC-3 K-9 (Drone),AX/ARC-3 K9（无人机）
entry,补给型-背包无人机,"=""11552626079949819071""",AX/ARC-3 K-9 (Model),AX/ARC-3 K9（武器）
category,补给型-载具,,,
entry,补给型-载具,"=""8783342891467425251""",EXO-45 Patriot Exosuit,EXO-45 爱国者外骨骼
entry,补给型-载具,"=""645713022044093730""",Patriot Exosuit Gatling,EXO-45 爱国者 加特林机枪
entry,补给型-载具,"=""9388736439472594613""",Patriot Exosuit Rocket Launcher,EXO-45 爱国者 火箭发射器
entry,补给型-载具,"=""11900441497117354349""",Patriot Exosuit Missile (Projectile),EXO-45 爱国者 火箭（射弹）
entry,补给型-载具,"=""9375653687096917621""",Patriot Exosuit Rocket Launcher MK2,EXO-45 爱国者 火箭发射器 MK2
entry,补给型-载具,"=""9788122224441672733""",Patriot Exosuit Missile MK2 (Projectile),EXO-45 爱国者 火箭 MK2（射弹）
entry,补给型-载具,"=""14038927220542196401""",EXO-49 Emancipator Exosuit,EXO-49 解放者外骨骼
entry,补给型-载具,"=""13781410671701883569""",Emancipator Exosuit Autocannon,EXO-49 解放者 手臂
entry,补给型-载具,"=""16570517418531528145""",Emancipator Exosuit Autocannon Left,EXO-49 解放者 手臂 左手
entry,补给型-载具,"=""3658900074006331912""",Emancipator Exosuit Autocannon Left MK2,EXO-49 解放者 手臂 左手 MK2
entry,补给型-载具,"=""10134470972353573832""",Emancipator Exosuit Autocannon Left MK3,EXO-49 解放者 手臂 左手 MK3
entry,补给型-载具,"=""18417602992972518459""",Emancipator Exosuit Autocannon Right,EXO-49 解放者 手臂 右手
entry,补给型-载具,"=""721550233589928225""",Emancipator Exosuit Autocannon Right MK2,EXO-49 解放者 手臂 右手 MK2
entry,补给型-载具,"=""4483950418716673108""",Emancipator Exosuit Autocannon Right MK3,EXO-49 解放者 手臂 右手 MK3
entry,补给型-载具,"=""8872978533108711529""",EXO-51 Lumberer Exosuit,EXO-51 伐木者外骨骼
entry,补给型-载具,"=""519812688473392934""",Lumberer Exosuit Flamer,EXO-51 伐木者 喷火武器
entry,补给型-载具,"=""1713005226859818540""",Lumberer Exosuit Anti-Tank Cannon,EXO-51 伐木者 反坦克炮
entry,补给型-载具,"=""3880965223585101348""",EXO-55 Breakthrough Exosuit,EXO-55 突破外骨骼
entry,补给型-载具,"=""7298250363396168598""",Breakthrough Exosuit Shield,EXO-55 突破 盾牌
entry,补给型-载具,"=""16091922826775401662""",Breakthrough Exosuit Heavy Shotgun,EXO-55 突破 重型霰弹枪
entry,补给型-载具,"=""14709257759554793401""",M-102 Fast Recon Vehicle,M-102 快速侦查载具
entry,补给型-载具,"=""16847153723028833967""",M-102 Fast Recon Vehicle (Map Spawn),M-102 快速侦查载具（地图产出）
entry,补给型-载具,"=""602390376167162446""",M-102 Fast Recon Vehicle HMG,M-102 快速侦查载具 车载重机枪
entry,补给型-载具,"=""11178286357330019118""",M-103 Supply FRV,M-103 补给型快速侦察载具
entry,补给型-载具,"=""5617149288754513915""",M-103 Supply FRV AR Sentry,M-103 补给型 解放者炮塔
entry,补给型-载具,"=""11422082462834485122""",M-103 Supply FRV Supply Box,M-103 补给型 车尾补给箱
entry,补给型-载具,"=""3280238888919072741""",M-104 Incinerator FRV,M-104 炽热型快速侦察载具
entry,补给型-载具,"=""4920324387701779176""",M-104 Incinerator FRV Flamer,M-104 炽热型 喷火枪
entry,补给型-载具,"=""17987303999999823878""",M-104 Incinerator FRV Fuel,M-104 炽热型 燃料罐
entry,补给型-载具,"=""1605323339894850998""",TD-220 Bastion MK XVI,TD-220 堡垒 MK XVI
entry,补给型-载具,"=""2279372913009370562""",Bastion MK XVI Heavy Cannon,TD-220 堡垒 主炮
entry,补给型-载具,"=""4872787481713797082""",Bastion MK XVI HMG,TD-220 堡垒 同轴重机枪
entry,补给型-载具,"=""4773808446773069045""",Ground All-Terrain Extraction Rig,地面全地形采集钻机
entry,补给型-载具,"=""576943110514355900""",Ground All-Terrain Extraction Rig MK2,地面全地形采集钻机 MK2
entry,补给型-载具,"=""10985104894119086333""",GATER Turret,地面全地形采集钻机 炮塔
entry,补给型-载具,"=""1370630171320516696""",GATER Oilcan,地面全地形采集钻机 油罐
entry,补给型-载具,"=""14005565984326167830""",GATER HMG Turret,地面全地形采集钻机 重机枪炮塔
entry,补给型-载具,"=""8484362704672433843""",Pelican Transport,鹈鹕运输机
entry,补给型-载具,"=""17238162226885792459""",Pelican,鹈鹕 (撤离)
entry,补给型-载具,"=""8867451643782573472""",Pelican MK2,鹈鹕 MK2(撤离)
entry,补给型-载具,"=""4577685471418352301""",Pelican MK3,鹈鹕 MK3 (撤离)
entry,补给型-载具,"=""4571403555494335481""",Pelican MK4,带货柜的鹈鹕
entry,补给型-载具,"=""15062487539698939333""",Pelican SEAF Squad,鹈鹕 SEAF小队
entry,补给型-载具,"=""9468080011357415026""",Pelican Turret,鹈鹕 40mm 穿甲高爆机炮
entry,补给型-载具,"=""1797246649011612926""",Pelican Extract Civilians Shuttle,鹈鹕（撤离科学家）
entry,补给型-载具,"=""9839990240943553653""",Cargo Truck,货运卡车
entry,补给型-载具,"=""10102631721084298887""",APC,装甲运兵车
entry,补给型-载具,"=""15219556623070951071""",APC Turret,装甲运兵车 炮塔
entry,补给型-载具,"=""16027418915446721044""",APC Turret MK2,装甲运兵车 炮塔 MK2
entry,补给型-载具,"=""13357795631455978434""",M-105 Stalwart MK4 On APC (Model),APC上的 M-105 盟友 MK4（模型）
entry,补给型-载具,"=""15365965494753326077""",M-105 Stalwart MK5 On APC (Model),APC上的 M-105 盟友 MK5（模型）
category,防御型-哨戒炮,,,
entry,防御型-哨戒炮,"=""4021120973472933563""",A/MG-43 Machine Gun Sentry,A/MG-43 哨戒机枪
entry,防御型-哨戒炮,"=""12269323780666160625""",A/MG-43 Machine Gun Sentry MK2,A/MG-43 哨戒机枪 MK2
entry,防御型-哨戒炮,"=""17259437333005147504""",A/G-16 Gatling Sentry,A/G-16 加特林哨戒炮
entry,防御型-哨戒炮,"=""9219146911950674287""",A/G-16 Gatling Sentry MK2,A/G-16 加特林哨戒炮 MK2
entry,防御型-哨戒炮,"=""344970826846105488""",A/G-16 Gatling Sentry MK2.1,A/G-16 加特林哨戒炮 MK2.1
entry,防御型-哨戒炮,"=""9796573205647524202""",A/G-16 Gatling Sentry MK3,A/G-16 加特林哨戒炮 MK3
entry,防御型-哨戒炮,"=""6337264778388549835""",A/G-16 Gatling Sentry MK4,A/G-16 加特林哨戒炮 MK4
entry,防御型-哨戒炮,"=""7539955080993332996""",A/G-16 Gatling Sentry MK5,A/G-16 加特林哨戒炮 MK5
entry,防御型-哨戒炮,"=""9371080132553746520""",A/FLAM-40 Flame Sentry,A/FLAM-40 火焰哨戒炮
entry,防御型-哨戒炮,"=""6198940140191066280""",A/LAS-98 Laser Sentry,A/LAS-98 激光哨戒炮
entry,防御型-哨戒炮,"=""3965302274531977670""",A/MLS-4X Rocket Sentry,A/MLS-4X 火箭哨戒炮
entry,防御型-哨戒炮,"=""6113742425058627513""",A/AC-8 Autocannon Sentry,A/AC-8 自动哨戒炮
entry,防御型-哨戒炮,"=""9670353792785147784""",A/AC-8 Autocannon Sentry Plasma,A/AC-8 自动哨戒炮MK2（焦土射弹）
entry,防御型-哨戒炮,"=""5881843148917714292""",A/M-12 Mortar Sentry,A/M-12 高爆迫击炮
entry,防御型-哨戒炮,"=""12827722989328478091""",A/M-23 EMS Mortar Sentry,A/M-23 静电迫击炮
entry,防御型-哨戒炮,"=""2998286011813792148""",A/GM-17 Gas Mortar Sentry,A/GM-17 瓦斯迫击炮
category,防御型-部署,,,
entry,防御型-部署,"=""17297258079668724512""",MD-6 Anti-Personnel Mine Deployer,MD-6 反步兵地雷
entry,防御型-部署,"=""2712008117028049500""",MD-17 Anti-Tank Mine Deployer,MD-17 反坦克地雷
entry,防御型-部署,"=""13777321776887997010""",MD-14 Incendiary Mine Deployer,MD-i4 燃烧地雷
entry,防御型-部署,"=""12220563120145251703""",MD-8 Gas Mine Deployer,MD-8 毒气地雷
entry,防御型-部署,"=""8383906277678357886""",A/ARC-3 Tesla Tower,A/ARC-3特斯拉塔
entry,防御型-部署,"=""17083241647592728848""",FX-12 Shield Generator Relay,FX-12防护罩中继器
category,防御型-手动炮塔,,,
entry,防御型-手动炮塔,"=""1051445694670701817""",E/MG-101 HMG Emplacement,E/MG-101 固定重机枪
entry,防御型-手动炮塔,"=""12209482505501190673""",E/MG-101 HMG Emplacement MK2,E/MG-101 固定重机枪 MK2
entry,防御型-手动炮塔,"=""1837707428311856638""",E/MG-101 HMG Emplacement (Laser),E/MG-101 固定重机枪（激光）
entry,防御型-手动炮塔,"=""2616888780303759269""",E/MG-101 HMG Emplacement (Railgun),E/MG-101 固定重机枪（磁轨炮）
entry,防御型-手动炮塔,"=""16204610837508709347""",E/MG-101 HMG Emplacement (Flamethrower),E/MG-101 固定重机枪（火焰喷射器）
entry,防御型-手动炮塔,"=""16974551944278808389""",E/MG-101 HMG Emplacement (Rocket),E/MG-101 固定重机枪（火箭哨戒炮）
entry,防御型-手动炮塔,"=""901379433810974099""",E/GL-21 Grenadier Battlement,E/GL-21 掷弹兵防御墙
entry,防御型-手动炮塔,"=""5593839514190174445""",Defense Wall,防御墙（崩溃）
entry,防御型-手动炮塔,"=""3003496806383724538""",Starwart Defense Wall,盟友防御墙（崩溃）
entry,防御型-手动炮塔,"=""3103483601875813497""",E/AT-12 Anti-Tank Emplacement,E/AT-12固定反坦克炮
category,任务或废案道具,,,
entry,任务或废案道具,"=""5787948413593898778""",Supplies (Hellpod),补给（支架）
entry,任务或废案道具,"=""12198302824036005241""",Ammo Cache (Model),补给（模型）
entry,任务或废案道具,"=""8315931884919593616""",Resupply Pod AR-23,补给上的解放者
entry,任务或废案道具,"=""14314828040919828387""",Hellbomb,地狱火
entry,任务或废案道具,"=""12967812241745948652""",Medic Backpack (Hellpod),医疗背包（支架）
entry,任务或废案道具,"=""744753118896166941""",Medic Backpack (Model),医疗背包（背包）
entry,任务或废案道具,"=""7741265416947841340""",Dark Fluid Backpack (Hellpod),暗流体背包（支架）
entry,任务或废案道具,"=""518600486455451088""",Dark Fluid Backpack (Model),暗流体背包（背包）
entry,任务或废案道具,"=""11432560202897483622""",Larva Container (Model),幼虫容器（背包）
entry,任务或废案道具,"=""12611223767334871581""",Medical Supply (Hellpod),医疗补给（支架）
entry,任务或废案道具,"=""4291111060798646696""",Medical Supply (Model),医疗补给（模型）
entry,任务或废案道具,"=""4092536715104205912""",Autocannon Explosive Backpack (Model),机炮模型爆炸背包 (模型)
entry,任务或废案道具,"=""16185879173872143133""",Mini Nuke (SEAF),大炮 迷你核弹
entry,任务或废案道具,"=""7745884044284159061""",High-Yield Explosive (SEAF),大炮 高爆弹
entry,任务或废案道具,"=""15859727822481861892""",Explosive (SEAF),大炮 炸弹
entry,任务或废案道具,"=""16482681913442925439""",Napalm (SEAF),大炮 凝固汽油弹
entry,任务或废案道具,"=""13847484889080110003""",Static Field (SEAF),大炮 静电场
entry,任务或废案道具,"=""17696993194780227077""",Smoke (SEAF),大炮 烟雾弹
entry,任务或废案道具,"=""16085819457051082660""",Hive Breaker Drill,虫窝钻机
entry,任务或废案道具,"=""2642665978849996335""",Power Generator,发电机
entry,任务或废案道具,"=""9579814997562801345""",Gate,大门
entry,任务或废案道具,"=""15228885734940224467""",Gate MK2,大门 MK2
entry,任务或废案道具,"=""7103244170870631670""",SOS Beacon,SOS信标
entry,任务或废案道具,"=""677135248098376872""",Reinforced Beacon,增援信标
entry,任务或废案道具,"=""6280200573229258796""",Emergency Extraction Beacon,紧急撤离信标
entry,任务或废案道具,"=""725877384353361216""",Landingzone Beacon,立即撤离信标
entry,任务或废案道具,"=""1653832383613497969""",Stratagem Ball,战略配备信标球
entry,任务或废案道具,"=""8356509974227907605""",Empty Hellpod,空的绝地喷射舱
entry,任务或废案道具,"=""16537609150891873250""",Helldivers' Hellpod MK1,绝地喷射舱 MK1
entry,任务或废案道具,"=""17266439410956032073""",Helldivers' Hellpod MK2,绝地喷射舱 MK2
entry,任务或废案道具,"=""13054785979242890129""",Sealed Hellpod,无装备空投仓支架
category,旧SEAF资源全被移除，无法调用,,,
entry,旧SEAF资源全被移除，无法调用,"=""8806287475843878476""",SEAF,SEAF
entry,旧SEAF资源全被移除，无法调用,"=""152751642744350684""",SEAF (City),SEAF（城市）
entry,旧SEAF资源全被移除，无法调用,"=""8915267618049288052""",SEAF MK2,SEAF MK2
entry,旧SEAF资源全被移除，无法调用,"=""8551258691157289819""",SEAF MK3,SEAF MK3
entry,旧SEAF资源全被移除，无法调用,"=""11443622823540644031""",SEAF MK4,SEAF MK4
entry,旧SEAF资源全被移除，无法调用,"=""8504775301976409203""",SEAF MK5,SEAF MK5
entry,旧SEAF资源全被移除，无法调用,"=""16891129885021732171""",SEAF MK6,SEAF MK6
entry,旧SEAF资源全被移除，无法调用,"=""5665867425781079008""",SEAF MK7,SEAF MK7
entry,旧SEAF资源全被移除，无法调用,"=""10905791748048507965""",SEAF MK8,SEAF MK8
entry,旧SEAF资源全被移除，无法调用,"=""11457796999526261852""",SEAF MG,SEAF 机枪手
category,终结族,,,
entry,终结族,"=""10371974906799355538""",Scavenger,食腐虫
entry,终结族,"=""5903841343181520462""",Scavenger MK2,食腐虫 MK2
entry,终结族,"=""16121421951002036444""",Scavenger MK2 (Captive),食腐虫 MK2（俘虏）
entry,终结族,"=""11135777548304851724""",Scavenger MK3,食腐虫 MK3
entry,终结族,"=""8261922003134896957""",Bile Spitter,胆汁吐沫虫
entry,终结族,"=""12300518439027380185""",Pouncer,猛扑虫
entry,终结族,"=""15659331049401757247""",Hunter,追猎虫
entry,终结族,"=""4399458158766252490""",Hunter MK2,追猎虫 MK2
entry,终结族,"=""6676641717166653626""",Hunter MK3,追猎虫 MK3
entry,终结族,"=""16919711124802745493""",Warrior,武斗虫
entry,终结族,"=""13707236614338800569""",Warrior MK2,武斗虫 MK2
entry,终结族,"=""5663271064929335883""",Warrior MK2 (Captive),武斗虫 MK2（俘虏）
entry,终结族,"=""3626558530581732572""",Warrior MK3,武斗虫 MK3
entry,终结族,"=""1155202780614770422""",Bile Warrior,酸液武斗虫
entry,终结族,"=""12873251592757102566""",Warrior (Spawned),狂暴武斗虫
entry,终结族,"=""11669807341511884260""",Hive Guard,虫窝护卫
entry,终结族,"=""3939129929398354246""",Bile Spewer,胆汁喷涌虫
entry,终结族,"=""14748816422034837943""",Bile Spewer MK2,胆汁喷涌虫 MK2
entry,终结族,"=""8039414067817307766""",Bile Spewer Vomit,胆汁喷涌虫 吐酸器
entry,终结族,"=""8536986223483970266""",Bile Spewer Artillery,胆汁喷涌虫 迫击炮
entry,终结族,"=""6927066342767148424""",Nursing Spewer,抚育喷涌虫
entry,终结族,"=""14731312854664874139""",Nursing Spewer MK2,抚育喷涌虫 MK2
entry,终结族,"=""5953193886108619556""",Nursing Spewer Vomit,抚育喷涌虫 吐酸器
entry,终结族,"=""15358116161893188517""",Brood Commander,虫族指挥官
entry,终结族,"=""17842374123104475103""",Alpha Commander,阿尔法指挥官
entry,终结族,"=""17672347716099392046""",Stalker,追踪虫
entry,终结族,"=""7208293264043292125""",Shrieker,尖啸虫
entry,终结族,"=""1909471264691872944""",Charger,强袭虫
entry,终结族,"=""7719208875390099550""",Spore Charger,孢子强袭虫
entry,终结族,"=""4251221953861716889""",Charger Behemoth,巨兽级强袭虫
entry,终结族,"=""11555060082231454796""",Charger Behemoth MK2,巨兽级强袭虫 MK2
entry,终结族,"=""15922730753540746811""",Impaler,穿刺虫
entry,终结族,"=""7435299642389799754""",Tentacle,穿刺虫触手
entry,终结族,"=""11398074038506794973""",Bile Titan,吐酸泰坦
entry,终结族,"=""10811815200209238698""",Dragonroach,蟑龙
entry,终结族,"=""8568490042777875483""",Dragonroach Vomit,蟑龙 吐火攻击
entry,终结族,"=""15304878361562187723""",Hivelord,霸王虫
entry,终结族,"=""11408638851753260108""",Hivelord Vomit MK1,霸王虫 吐酸器
entry,终结族,"=""4359334844095165257""",Hivelord Vomit MK2,霸王虫 吐酸器 MK2
category,掠食变种-贪吃变种,,,
entry,掠食变种-贪吃变种,"=""15125779956101896786""",Predator Stalker,掠食追踪虫
entry,掠食变种-贪吃变种,"=""9814471339792705014""",Predator Hunter,掠食追猎虫
entry,掠食变种-贪吃变种,"=""2129528212146849390""",Predator Hunter Vomit,掠食追猎虫 吐酸器
category,爆裂变种-钻地变种-圆头耄耋,,,
entry,爆裂变种-钻地变种-圆头耄耋,"=""11768477327318910982""",Rupture Warrior,爆裂武斗虫
entry,爆裂变种-钻地变种-圆头耄耋,"=""11781875241940413332""",Rupture Spewer,爆裂喷涌虫
entry,爆裂变种-钻地变种-圆头耄耋,"=""14904393873176182481""",Rupture Spewer Acid Grenade,爆裂喷涌虫 酸液投掷物
entry,爆裂变种-钻地变种-圆头耄耋,"=""772289455772672652""",Rupture Charger,爆裂强袭虫
category,孢裂变种-孢子变种-冰针旅,,,
entry,孢裂变种-孢子变种-冰针旅,"=""15822911520269726977""",Spore Burst Scavenger,孢裂食腐虫
entry,孢裂变种-孢子变种-冰针旅,"=""2236760086372418784""",Spore Burst Hunter,孢裂追猎虫
entry,孢裂变种-孢子变种-冰针旅,"=""8251756929257574076""",Spore Burst Warrior,孢裂武斗虫
entry,孢裂变种-孢子变种-冰针旅,"=""17223114646267339927""",Spore Burst Bile Titan,孢裂泰坦
category,终结族-杂项,,,
entry,终结族-杂项,"=""10942957064970873712""",Bug Hole MK1,虫洞 MK1
entry,终结族-杂项,"=""11350815606295074697""",Bug Hole MK2,虫洞 MK2
entry,终结族-杂项,"=""13558922670169218566""",Bug Hole MK3,虫洞 MK3
entry,终结族-杂项,"=""15449222908953809681""",Bug Hole MK4,虫洞 MK4
entry,终结族-杂项,"=""11193918233387225593""",Bug Hole MK5,虫洞 MK5
entry,终结族-杂项,"=""3948687847710625144""",Bug Hole MK6,虫洞 MK6
entry,终结族-杂项,"=""5149481135433687355""",Bug Hole MK7,虫洞 MK7
entry,终结族-杂项,"=""9872437428268460875""",Bug Hole MK8,虫洞 MK8
entry,终结族-杂项,"=""10102056965302435169""",Bug Hole MK9,虫洞 MK9
entry,终结族-杂项,"=""17837615728688239629""",Bug Hole MK10,虫洞 MK10
entry,终结族-杂项,"=""13159942169661045483""",Bug Hole MK11,虫洞 MK11
entry,终结族-杂项,"=""4191988217743057032""",Bile Titan Bug Hole,泰坦洞
entry,终结族-杂项,"=""672872697911391764""",Shrieker Nest,尖啸虫巢穴
entry,终结族-杂项,"=""12261273158003217664""",Spore Spewer,孢子喷涌虫
entry,终结族-杂项,"=""16153967468671429253""",Spore Spewer MK2,孢子喷涌虫 MK2
entry,终结族-杂项,"=""1514077279537086268""",Spore Spewer TCS,孢子喷涌虫TCS
entry,终结族-杂项,"=""12666120718945160643""",Infested Tower,侵染塔巢
entry,终结族-杂项,"=""15893233259881380762""",Spore Lung,孢肺
entry,终结族-杂项,"=""1127579667861114802""",Bug Hole Smoke MK1,虫巢烟雾 MK1
entry,终结族-杂项,"=""11750748021023067901""",Bug Hole Smoke MK2,虫巢烟雾 MK2
entry,终结族-杂项,"=""1006683030863220015""",Bug Hole Smoke MK3,虫巢烟雾 MK3
entry,终结族-杂项,"=""9100766894272830527""",Bug Hole Smoke (Crash),虫巢烟雾（崩溃）
entry,终结族-杂项,"=""3124708172057168516""",Mutated Egg,变异虫卵
entry,终结族-杂项,"=""9577704727799187723""",Terminid Nest (No Package),虫子巢穴
category,机器人,,,
entry,机器人,"=""18129582262547983427""",Trooper,装甲兵
entry,机器人,"=""8883573249939290241""",Trooper MK2,装甲兵 MK2
entry,机器人,"=""12562787704342269592""",Trooper MK2 MG,装甲兵 MK2（机枪版）
entry,机器人,"=""4618830856548850870""",Trooper MK3,装甲兵 MK3
entry,机器人,"=""9137331974793918131""",Trooper (No Package),装甲兵（无包裹）
entry,机器人,"=""2701456486977900736""",Shotgun Trooper,装甲兵 霰弹（废案）
entry,机器人,"=""15621795958426619957""",Brawler,乱斗者
entry,机器人,"=""12041129896721693842""",Commissar,机械统帅
entry,机器人,"=""7258218216136199873""",Raider,奇袭者
entry,机器人,"=""767968035755763""",Marauder,劫掠者
entry,机器人,"=""3517035000518974420""",Scout Raider,侦察奇袭者
entry,机器人,"=""3031503431338798614""",Rocket Raider,火箭奇袭者
entry,机器人,"=""12706617161845284909""",Cannon Trooper,激光炮装甲兵（废案）
entry,机器人,"=""13037131039069521275""",MG Raider,机枪奇袭者
entry,机器人,"=""4785987130142662424""",MG Raider Backpack,机枪奇袭者 背包
entry,机器人,"=""7546486305997975964""",Conscript MG (Model),机器人小兵 机枪
entry,机器人,"=""11047871594297831536""",Conscript Flare Gun (Model),机器人小兵 信号枪
entry,机器人,"=""13597248039561415123""",Conscript Rifle (Model),机器人小兵 步枪
entry,机器人,"=""14685780296579739413""",Conscript Pistol (Model),机器人小兵 手枪
entry,机器人,"=""11062825334817279592""",Conscript Rocket Launcher (Model),机器人小兵 火箭发射器
entry,机器人,"=""3248844598206423814""",Conscript Blade (Model),机器人小兵 刀刃
entry,机器人,"=""10320682320039145374""",Conscript Shotgun (Model),机器人小兵 霰弹枪
entry,机器人,"=""8192757692405735881""",Conscript Cannon (Model),机器人小兵 激光炮
entry,机器人,"=""7102424959117264971""",Cyborg's Grenade (Model),机器人小兵 手榴弹
entry,机器人,"=""10256545209826294564""",Cyborg's Anti-Tank Grenade (Model),机器人小兵 反坦克手榴弹
entry,机器人,"=""12008441084326179745""",Berserker,狂暴者
entry,机器人,"=""6116178405309884875""",Berserker MK2,狂暴者 MK2
entry,机器人,"=""5743786617162131741""",Berserker Chainsaw (Model),狂暴者 链锯
entry,机器人,"=""14278331370456096813""",Devastator,蹂躏者
entry,机器人,"=""18198461672611034237""",Devastator MK2 Spawn,蹂躏者 MK2 移动工厂生产
entry,机器人,"=""12566139334605762628""",Devastator MK3,蹂躏者 MK3
entry,机器人,"=""507720195356997881""",Devastator Gun (Model),蹂躏者 标准武器
entry,机器人,"=""10828817397904429935""",Rocket Devastator,火箭蹂躏者
entry,机器人,"=""17756861745706792858""",Rocket Devastator MK2,火箭蹂躏者 MK2
entry,机器人,"=""11146770675064382806""",Cyborg Light Rocket,机器人 轻型火箭弹
entry,机器人,"=""17921415124075533547""",Heavy Devastator,重型蹂躏者
entry,机器人,"=""13340847352459495240""",Heavy Devastator MK2,重型蹂躏者 MK2
entry,机器人,"=""10514734670540770044""",Heavy Devastator MK3,重型蹂躏者 MK3
entry,机器人,"=""3374156467310513484""",Heavy Devastator Gun (Model),重型蹂躏者 机枪
entry,机器人,"=""2101746773249017941""",Heavy Devastator Incendiary Gun (Model),重型蹂躏者 燃烧机枪
entry,机器人,"=""17970022205926771882""",Defeat Devastator Shield (Model),重型蹂躏者 盾牌（默认涂装）
entry,机器人,"=""17875655752828743943""",Scout Strider,侦察纵步者
entry,机器人,"=""3041174345526908898""",Scout Strider HMG (Model),侦察纵步 重机枪
entry,机器人,"=""17149918388466130800""",Scout Strider Cabin (Model),侦察纵步 驾驶舱
entry,机器人,"=""10409770290790592053""",Reinforced Scout Strider,强化侦察纵步者
entry,机器人,"=""15261976812381254942""",Reinforced Scout Strider Fullcover Cabin (Model),强化纵步 全包裹驾驶舱
entry,机器人,"=""12112219792508466627""",Reinforced Scout Strider Rocke Left (Model),强化纵步 发射架（左）
entry,机器人,"=""4143232374370136320""",Reinforced Scout Strider Rocke Right (Model),强化纵步 发射架（右）
entry,机器人,"=""17246256129031935938""",War Strider,战争纵步者
entry,机器人,"=""11146468741807915285""",War Strider Cannon Right (Model),战争纵步 加农炮（右）
entry,机器人,"=""9471740285315897155""",War Strider Cannon Left (Model),战争纵步 加农炮（左）
entry,机器人,"=""14532928027407155276""",War Strider HE Grenade,战争纵步者 高爆手雷
entry,机器人,"=""2190700087544369166""",Hulk Obliterator,巨型抹煞者
entry,机器人,"=""9965870354970800749""",Hulk Obliterator Rocket Launcher (Model),巨型抹煞者 火箭发射器
entry,机器人,"=""10358974322213239449""",Hulk Obliterator Flag (Model),巨型抹煞者 旗帜
entry,机器人,"=""4469039597602705386""",Hulk Scorcher,巨型炙焰者
entry,机器人,"=""14456228988684753701""",Hulk Scorcher Saw (Model),巨型炙焰者 电锯
entry,机器人,"=""13490516384643705103""",Hulk Scorcher Saw MK2 (Model),巨型炙焰者 电锯 MK2
entry,机器人,"=""17488789745215357128""",Hulk Scorcher Flamer (Model),巨型炙焰者 火焰喷射器
entry,机器人,"=""10861016308832836833""",Hulk,巨型者
entry,机器人,"=""1403303179954968823""",Hulk Bruiser,巨型碾压者
entry,机器人,"=""6582409209889722787""",Hulk HMG (Model),巨型者 机枪
entry,机器人,"=""14427145521595639927""",Hulk Rocket Launcher (Model),巨型者 火箭发射器
entry,机器人,"=""1585898554922009358""",Cyborg Tank LMG,坦克 轻机枪
entry,机器人,"=""13283381034644230080""",Cyborg Tank Cannon Turret,坦克 加农炮塔
entry,机器人,"=""5892418254001999486""",Cyborg Tank Gatling,坦克 加特林
entry,机器人,"=""6041739005686103399""",Annihilator Tank,湮灭坦克
entry,机器人,"=""3583430772214091149""",Annihilator Tank MK2,湮灭坦克 MK2
entry,机器人,"=""10355039786464021751""",Annihilator Tank Heavy Fusion Cannon,湮灭坦克 加农炮塔
entry,机器人,"=""3907162354404645355""",Annihilator Tank Fusion Repeater,湮灭坦克 加农炮塔 同轴机枪
entry,机器人,"=""10892987900330561893""",Annihilator Tank Heavy Fusion Repeater,湮灭坦克 车体重机枪
entry,机器人,"=""14286719829563111324""",Shredder Tank,碎裂坦克
entry,机器人,"=""5289274991058480552""",Shredder Tank Fusion Autocannon,碎裂坦克 炮塔
entry,机器人,"=""7196537832909981064""",Barrager Tank,铁幕坦克
entry,机器人,"=""6707034374626068020""",Barrager Tank Ballistic Missile,铁幕坦克 炮塔
entry,机器人,"=""2895453262415111841""",Gunship,炮艇
entry,机器人,"=""3270354809248583475""",Gunship Turret,炮艇 机枪
entry,机器人,"=""14105761812163438622""",Gunship Rocket Pods,炮艇 火箭巢
entry,机器人,"=""15239773297738004195""",Factory Strider,移动工厂
entry,机器人,"=""3527126521288270458""",Jammer Factory Strider,移动工厂 带干扰塔
entry,机器人,"=""4228803675738017635""",Factory Strider Gatling MK1 (Right),移动工厂 加特林 MK1（右）
entry,机器人,"=""4111341420364086640""",Factory Strider Gatling MK2 (Left),移动工厂 加特林 MK2（左）
entry,机器人,"=""5244756512985933074""",Factory Strider Gatling MK3,移动工厂 加特林 MK3
entry,机器人,"=""2047310211000472840""",Factory Strider Gatling MK4,移动工厂 加特林 MK4
entry,机器人,"=""7672538193198738711""",Factory Strider Gatling MK5,移动工厂 加特林 MK5
entry,机器人,"=""9528799688439966563""",Factory Strider Cannon Turret,移动工厂 连发加农炮
entry,机器人,"=""13362656269347635116""",Factory Strider Scrambler,移动工厂 干扰器
entry,机器人,"=""10958708641660631096""",Dropship,运输船
category,炽灼部队-喷火旅-烧烤旅,,,
entry,炽灼部队-喷火旅-烧烤旅,"=""11481777918278298912""",Incendiary Trooper,装甲兵（炽灼部队）
entry,炽灼部队-喷火旅-烧烤旅,"=""711481103094352835""",Incendiary Rocket Trooper,激光装甲兵
entry,炽灼部队-喷火旅-烧烤旅,"=""9414910092732904122""",Pyro Trooper,炙焰装甲兵
entry,炽灼部队-喷火旅-烧烤旅,"=""17636297115750610289""",Pyro Trooper Flamer (Model),炙焰装甲兵 火焰喷射器
entry,炽灼部队-喷火旅-烧烤旅,"=""6336865981244592821""",Pyro Trooper Backpack (Model),炙焰装甲兵 背包
entry,炽灼部队-喷火旅-烧烤旅,"=""619301928082185734""",Incendiary MG Raider,机枪奇袭者（炽灼部队）
entry,炽灼部队-喷火旅-烧烤旅,"=""16610351617142216522""",Incendiary Raider,奇袭者（炽灼部队）
entry,炽灼部队-喷火旅-烧烤旅,"=""1971339432693544677""",Incendiary Commissar,机械统帅（炽灼部队）
entry,炽灼部队-喷火旅-烧烤旅,"=""12034151873994640633""",Cyborg's Incendiary Grenade (Model),炽灼部队 燃烧手雷
entry,炽灼部队-喷火旅-烧烤旅,"=""13104279481307701677""",Incendiary Berserker,狂暴者 MK3（炽灼部队）
entry,炽灼部队-喷火旅-烧烤旅,"=""14536718756304552612""",Incendiary Rocket Devastator,火箭蹂躏者 MK3 （炽灼部队）
entry,炽灼部队-喷火旅-烧烤旅,"=""6336231432473988509""",Incendiary Devastator,蹂躏者 MK3（炽灼部队）
entry,炽灼部队-喷火旅-烧烤旅,"=""6391373595476922945""",Incendiary MG Devastator,燃烧机枪蹂躏者
entry,炽灼部队-喷火旅-烧烤旅,"=""15128209789296733508""",Incendiary MG Devastator Gun (Model),燃烧机枪蹂躏者 燃烧机枪
entry,炽灼部队-喷火旅-烧烤旅,"=""16155873629479015795""",Conflagration Devastator,烈火蹂躏者
entry,炽灼部队-喷火旅-烧烤旅,"=""987422936637912356""",Conflagration Devastator Gun (Model),烈火蹂躏者 龙息霰弹枪
entry,炽灼部队-喷火旅-烧烤旅,"=""18353440541714442743""",Incendiary Devastator Shield (Model),蹂躏者 盾牌（炽灼部队）
entry,炽灼部队-喷火旅-烧烤旅,"=""1772093692883358428""",Hulk Scorcher MK2,巨型炙焰者 MK2（炽灼部队）
entry,炽灼部队-喷火旅-烧烤旅,"=""7902461295840507538""",Hulk Firebomber,巨型烈焰轰炸者
entry,炽灼部队-喷火旅-烧烤旅,"=""13278526841390790437""",Hulk Firebomber Grenade Launcher (Model),巨型烈焰轰炸者 燃烧榴弹发射器
entry,炽灼部队-喷火旅-烧烤旅,"=""14031504643976037240""",Hulk Firebomber Flag (Model),巨型烈焰轰炸者 旗帜
category,喷气旅-跳包旅-自爆旅,,,
entry,喷气旅-跳包旅-自爆旅,"=""5909160229139284606""",Jet Brigade Trooper (Crash),喷气装甲兵（崩溃）
entry,喷气旅-跳包旅-自爆旅,"=""8271534765035417210""",Jet Brigade Trooper Backpack (Crash),喷气装甲兵 背包（崩溃）
entry,喷气旅-跳包旅-自爆旅,"=""12614471755071195045""",Jet Brigade Trooper,喷气装甲兵
entry,喷气旅-跳包旅-自爆旅,"=""9614788353289254415""",Jet Brigade Raider,特攻奇袭者
entry,喷气旅-跳包旅-自爆旅,"=""2404044106251363533""",Jet Brigade Commissar,喷气机械统帅
entry,喷气旅-跳包旅-自爆旅,"=""11841423120880866036""",Jet Brigade MG Raider,喷气机枪奇袭者
entry,喷气旅-跳包旅-自爆旅,"=""16349808124409970659""",Jet Brigade Conscript Backpack,喷气背包
entry,喷气旅-跳包旅-自爆旅,"=""15382378127438146468""",Jet Brigade Berserker,喷气狂暴者
entry,喷气旅-跳包旅-自爆旅,"=""13723659040410201638""",Jet Brigade Devastator,喷气蹂躏者
entry,喷气旅-跳包旅-自爆旅,"=""3725568494500552428""",Jet Brigade Devastator Backpack (Model),蹂躏者 喷气背包
entry,喷气旅-跳包旅-自爆旅,"=""16451308563134815530""",Jet Brigade Hulk Scorcher,喷气巨型炙焰者
entry,喷气旅-跳包旅-自爆旅,"=""3660840294738278623""",Jet Brigade Hulk Bruiser,喷气巨型碾压者
entry,喷气旅-跳包旅-自爆旅,"=""13348889789877682713""",Jet Brigade Hulk Backpack (Model),巨型者 喷气背包
category,生化人-半机械人-赛博格-老资历,,,
entry,生化人-半机械人-赛博格-老资历,"=""8388657151297660569""",Male Radical,激进先锋（男）
entry,生化人-半机械人-赛博格-老资历,"=""14677717390494571578""",Female Radical,激进先锋（女）
entry,生化人-半机械人-赛博格-老资历,"=""6069394649090569172""",Radical Shotgun (Model),激进先锋 能量霰弹枪
entry,生化人-半机械人-赛博格-老资历,"=""14095844455824707166""",Radical Smoke Grenade (Model),激进先锋 烟雾弹
entry,生化人-半机械人-赛博格-老资历,"=""11351366836276126990""",Male Agitator,惑乱者（男）
entry,生化人-半机械人-赛博格-老资历,"=""720026069039790444""",Female Agiator,惑乱者（女）
entry,生化人-半机械人-赛博格-老资历,"=""7437729317726677416""",Agitator Hand Gun (Model),惑乱者 能量炮
entry,生化人-半机械人-赛博格-老资历,"=""5283907452281504031""",Agitator Grenade (Model),惑乱者 手榴弹
entry,生化人-半机械人-赛博格-老资历,"=""13557003672051169255""",Vox Engine,噪轰引擎
entry,生化人-半机械人-赛博格-老资历,"=""3529631325243586025""",Vox Engine Missile (Projectile),噪轰引擎 曲射导弹（射弹）
entry,生化人-半机械人-赛博格-老资历,"=""3849984664539165667""",Vox Engine Gatling Right,噪轰引擎 加特林机枪（右）
entry,生化人-半机械人-赛博格-老资历,"=""17476252816949674262""",Vox Engine Gatling Left,噪轰引擎 加特林机枪（左）
entry,生化人-半机械人-赛博格-老资历,"=""6997370577610279074""",Vox Engine Cannon Turret,噪轰引擎 速射加农炮
category,机器人-杂项,,,
entry,机器人-杂项,"=""5861687265757701821""",Fabricator,构筑者
entry,机器人-杂项,"=""2507395399702661992""",Fabricator MK2,构筑者 MK2
entry,机器人-杂项,"=""17346053465930021216""",Fabricator MK3,构筑者 MK3
entry,机器人-杂项,"=""5744599939368375614""",Fabricator MK4,构筑者 MK4
entry,机器人-杂项,"=""11648480632094885955""",Fabricator MK5,构筑者 MK5
entry,机器人-杂项,"=""4770136952149103182""",Bulk Fabricator,巨型构筑者
entry,机器人-杂项,"=""12154768248238632812""",Gunship Tower,机器人炮艇塔
entry,机器人-杂项,"=""2578414789566162565""",Stratagem Jammer,干扰塔
entry,机器人-杂项,"=""2769960080684004361""",Detector Tower,探测塔
entry,机器人-杂项,"=""7947054938934221308""",Command Bunker,指挥碉堡 本体
entry,机器人-杂项,"=""2993845159545954787""",Command Bunker Wall,指挥碉堡 防护墙
entry,机器人-杂项,"=""14783244423755879381""",Command Bunker HMG,指挥碉堡 碉堡重机枪
entry,机器人-杂项,"=""5996076969140922181""",Command Bunker Turret X4,指挥碉堡 顶部炮塔组
entry,机器人-杂项,"=""11035656831144141243""",Bunker Turret,机器人 碉堡炮塔
entry,机器人-杂项,"=""12587270281642273949""",Automaton AA Emplacement,机器人 防空炮塔
entry,机器人-杂项,"=""18400802241877839954""",Automaton Mortar Emplacement,机器人 迫击炮塔
entry,机器人-杂项,"=""3239012324354685117""",Cannon Turret,机器人 加农炮塔
entry,机器人-杂项,"=""12383542358383909066""",Cannon Turret MK2,机器人 加农炮塔 MK2
entry,机器人-杂项,"=""12218137513893139416""",Automaton HMG Emplacement,机器人 营地重机枪
entry,机器人-杂项,"=""3177983950714174823""",Automaton LMG Emplacement,机器人 营地机枪
entry,机器人-杂项,"=""16350010024704713163""",Bio-Processor,生物处理器
entry,机器人-杂项,"=""1217169640955283183""",Bio-Processor MK2,生物处理器 MK2
entry,机器人-杂项,"=""18098060624533737194""",Cyberstan Wall Gate,生化斯坦城市大门
entry,机器人-杂项,"=""7705018721877954864""",Cyborg Minefield,地雷区
entry,机器人-杂项,"=""289442314985484474""",Cyborg Minefield MK2,地雷区 MK2
entry,机器人-杂项,"=""13919159664058817929""",Cyborg Minefield MK3,地雷区 MK3
entry,机器人-杂项,"=""14446953359610197390""",Cyborg Minefield MK4,地雷区 MK4
entry,机器人-杂项,"=""5200820166822610051""",Cyborg Minefield MK5,地雷区 MK5
entry,机器人-杂项,"=""931605081112590873""",Cyborg Minefield MK6,地雷区 MK6
entry,机器人-杂项,"=""8479962019228554418""",Cyborg Minefield MK7,地雷区 MK7
entry,机器人-杂项,"=""3578086008623815565""",Cyborg Minefield MK8,地雷区 MK8
entry,机器人-杂项,"=""4765401718670095171""",Cyborg Explosive Battery 01,机器人 爆炸电池 01
entry,机器人-杂项,"=""14902951438308872945""",Cyborg Explosive Battery 3x2,机器人 爆炸电池 3x2
entry,机器人-杂项,"=""3912371709262262010""",Cyborg Explosive Battery Bunched,机器人 爆炸电池束
entry,机器人-杂项,"=""3898331786732340998""",Cyborg Empty Battery 01,机器人 空电池
entry,机器人-杂项,"=""12513810197125916683""",Cyborg Empty Battery 4x,机器人 空电池 4x
category,机器人-地形物件,,,
entry,机器人-地形物件,"=""11595118386686545266""",Cyborg Booth,机器人岗亭
entry,机器人-地形物件,"=""5636559233179871057""",Cyborg Booth MK2,机器人岗亭 MK2
category,光能族,,,
entry,光能族,"=""8710323923067153479""",Voteless Light,无票者（轻型）
entry,光能族,"=""782675882315451933""",Voteless Medium,无票者（中型）
entry,光能族,"=""4919490090942595835""",Voteless Heavy,无票者（重型）
entry,光能族,"=""7483912604024319283""",Fleshmob,肉瘤体
entry,光能族,"=""12421182327299345565""",Watcher,守望者
entry,光能族,"=""17664382055250362923""",Watcher Arc Weapon (Model),守望者 电弧发射器
entry,光能族,"=""11133230925446715426""",Watcher (Crash),守望者（废案，崩溃）
entry,光能族,"=""15726775732878460914""",Overseer,监视者
entry,光能族,"=""641481206831155133""",Overseer MK2,监视者 MK2
entry,光能族,"=""9125797115691269161""",Overseer Shield,监视者 手臂护盾
entry,光能族,"=""11276719322983912231""",Overseer Lightspear (Model),监视者 等离子法杖
entry,光能族,"=""17393195075174683200""",Overseer (No Package),监视者（无包裹模型）
entry,光能族,"=""6938491555126425632""",Elevated Overseer,崇高监视者
entry,光能族,"=""934982603467911041""",Elevated Overseer Rifle (Model),崇高监视者 等离子步枪
entry,光能族,"=""13988996217395781253""",Elevated Overseer Grenade (Model),崇高监视者 手榴弹
entry,光能族,"=""16785366656768074861""",Crescent Overseer,新月监视者
entry,光能族,"=""8093921451952391158""",Crescent Overseer Mortar Gun (Model),新月监视者 曲射武器
entry,光能族,"=""2388896656612615925""",Crescent Overseer Charge Gun (Model),新月监视者 直射武器
entry,光能族,"=""10835289456440565066""",Harvester,猎杀器
entry,光能族,"=""15438282343866021807""",Harvester MK2,猎杀器 MK2
entry,光能族,"=""14314053197173495724""",Harvester Beam Weapon (Model),猎杀器 激光武器
entry,光能族,"=""16763036627779227620""",Harvester Beam Weapon Broken Eye (Model),猎杀器 激光武器（眼部破损）
entry,光能族,"=""10214051119573296464""",Harvester Arc Weapon (Model),猎杀器 电弧
entry,光能族,"=""14665382813931951604""",Harvester Plasma Cannon (Model),猎杀器 等离子加农炮
entry,光能族,"=""1864924857437116746""",Stingray,刺魟
entry,光能族,"=""10313622237292913323""",Stingray Plasma Cannon (Model),刺魟 机炮
entry,光能族,"=""17450606859370033415""",Leviathan,利维坦
entry,光能族,"=""9779566877540351126""",Leviathan,利维坦（废案）
entry,光能族,"=""17408108687437120663""",Leviathan Beam Turret Left (Model),利维坦 激光炮 左
entry,光能族,"=""8848249281094032864""",Leviathan Beam Turret Right (Model),利维坦 激光炮 右
entry,光能族,"=""5635164431422178553""",Leviathan Beam Turret (Model),利维坦 激光炮
entry,光能族,"=""8422338628769435505""",Warp Ship,增援穿梭舰
entry,光能族,"=""3705052605744215609""",Warp Ship Shield,穿梭舰护盾
category,占领者,,,
entry,占领者,"=""3809994927963057822""",Obtruder,突入者
entry,占领者,"=""1837586638104944508""",Obtruder Weapon (Model),突入者 武器
entry,占领者,"=""2358135177943625061""",Veracitor,证真者
entry,占领者,"=""4989955592422339343""",Gatekeeper,御门者
entry,占领者,"=""15490996401429190081""",Gatekeeper Plasma Gatling Right (Model),御门者 等离子速射炮 （右）
entry,占领者,"=""17171643259159907678""",Gatekeeper Plasma Gatling Left (Model),御门者 等离子速射炮 （左）
entry,占领者,"=""4408996938478059842""",Gatekeeper Plasma Sniper Right (Model),御门者 等离子狙击 （右）
entry,占领者,"=""2987070632088620378""",Gatekeeper Plasma Sniper Left (Model),御门者 等离子狙击 （左）
category,窃票者,,,
entry,窃票者,"=""14706661867033484396""",Wretch,悲怜体
entry,窃票者,"=""10401073942655502917""",Crusher,粉碎者
entry,窃票者,"=""2705495182750959947""",Crusher Weapon (Model),粉碎者的武器
category,光能族-杂项,,,
entry,光能族-杂项,"=""143640464486532219""",Warp Ship Landed,营地的穿梭舰
entry,光能族-杂项,"=""3085775354050256750""",Warp Ship Invasion,入侵的穿梭舰
entry,光能族-杂项,"=""13473041482812368650""",Overship,统御舰
entry,光能族-杂项,"=""6462953159517422692""",Iluminate Overship Tentacles,统御舰 触手
entry,光能族-杂项,"=""5790303516553754358""",Iluminate Overship Shield,统御舰 护盾
entry,光能族-杂项,"=""6900987403977757693""",Iluminate Overship (Vista),背景统御舰
entry,光能族-杂项,"=""12170080399819775434""",Iluminate Overship MK2 (Vista),背景统御舰 MK2
entry,光能族-杂项,"=""528274088261043258""",Iluminate Overship Tentacles (Vista),背景统御舰 触手
entry,光能族-杂项,"=""4954274805556844652""",Illuminate Portal,传送门
entry,光能族-杂项,"=""1927693818495203505""",Illuminate Portal Shield,传送门 护盾
entry,光能族-杂项,"=""9075620520169363765""",Warp Gate,营地传送门
entry,光能族-杂项,"=""12157917601251901249""",Warp Gate,营地传送门 MK2
entry,光能族-杂项,"=""613393768869121221""",Gazer,凝视者
entry,光能族-杂项,"=""1461651812919345568""",Gazer MK2,凝视者 MK2
entry,光能族-杂项,"=""2748129756759457548""",Gazer Spire,凝视者 尖塔
entry,光能族-杂项,"=""3480210643284562409""",Illuminate Drone,光能族无人机
entry,光能族-杂项,"=""16782621787517956856""",Illuminate Tesla Tower,光能族电塔
entry,光能族-杂项,"=""952558497108237637""",Lightning Spire,光能族电塔 电弧发射器
entry,光能族-杂项,"=""4919873841313881705""",Illuminate Scrambler Battery,认知干扰器 电源
entry,光能族-杂项,"=""1460819021693492194""",Illuminate Scrambler,认知干扰器
entry,光能族-杂项,"=""7574329335461104885""",Illuminate Monolith,光能族巨石
entry,光能族-杂项,"=""18301184306373976528""",Illuminate Explosive Barrel,光能族爆炸筒
category,光能族-地形物件,,,
entry,光能族-地形物件,"=""9173446442358799047""",Void Blossom,寂域之花
entry,光能族-地形物件,"=""8236429203714171938""",Gazer Spire (Model),凝视者尖塔（模型）
entry,光能族-地形物件,"=""1487832636630583913""",Lightning Spire (Model),闪电尖塔（模型）
entry,光能族-地形物件,"=""9569293924947808913""",Warp Ship Shield (Model),穿梭舰护盾（模型）
category,可能有点用的内容,,,
entry,可能有点用的内容,"=""13164140782040636665""",Objective Killenemies,无限虫子与机器人增员
entry,可能有点用的内容,"=""4882226405607636345""",Objective Killenemies MK2,无限虫子与机器人增员 MK2
entry,可能有点用的内容,"=""14374614348695467343""",Pelican Crash Animation,鹈鹕坠机动画
category,环境效果,,,
entry,环境效果,"=""10920505073297836649""",Illumination Barrage,光能族火力网
entry,环境效果,"=""9396272254309086472""",Exostorm MK1,异界风暴 MK1（环境）
entry,环境效果,"=""1900190613275810077""",Exostorm MK2,异界风暴 MK2（环境）
entry,环境效果,"=""15232797065911638566""",Exostorm MK3,异界风暴 MK3（环境）
entry,环境效果,"=""9418429711517340700""",Exostorm (Entity),异界风暴（实体）
entry,环境效果,"=""5577427870907951727""",Large Exostorm,大型异界风暴（环境）
entry,环境效果,"=""2291771168896758632""",Large Exostorm (Entity),大型异界风暴（实体）
entry,环境效果,"=""3090218646492570418""",Exospire Shield (Vista),异界尖塔 护盾（视觉效果）
entry,环境效果,"=""4707403545565814342""",Exospire Particle Effect,异界尖塔 粒子效果
entry,环境效果,"=""5243013965853043104""",Exospire Glowing Effect,异界风暴 发光特效
entry,环境效果,"=""10375802719390920449""",Enemy Orbital,敌人轨道轰炸（环境）
entry,环境效果,"=""4822214108367178297""",Enemy Orbital (Entity),敌人轨道轰炸（实体）
entry,环境效果,"=""14177525508982049922""",DSS Planetary Bombardment,星球轰炸（环境）
entry,环境效果,"=""12523933911409224779""",DSS Planetary Bombardment (Entity),星球轰炸（实体）
entry,环境效果,"=""6069338700713478060""",DSS Eagle Storm,飞鹰风暴（环境）
entry,环境效果,"=""9717601978335302972""",DSS Eagle Storm (Entity),飞鹰风暴（实体）
entry,环境效果,"=""2891361835939217733""",DSS Eagle Storm (Shell),飞鹰风暴（占位符）
entry,环境效果,"=""7367839628474820840""",Volcanic Activity,火山喷发（环境）
entry,环境效果,"=""2918844402145947936""",Volcanic Activity (Entity),火山喷发（实体）
entry,环境效果,"=""9049165293479258496""",Sandstorm,沙尘暴（环境）
entry,环境效果,"=""15543627206611261570""",Sandstorm (Entity),沙尘暴（天气）
entry,环境效果,"=""14635045411664702170""",TCS Tremor,TCS 震颤（环境）
entry,环境效果,"=""10412515891379368875""",Earthquake,地震（环境）
entry,环境效果,"=""8850657780063593973""",Earthquake (Entity),地震（实体）
entry,环境效果,"=""15364628378391745781""",Dust Devils,尘卷风（环境）
entry,环境效果,"=""780403294432782447""",Dust Devils (Weather),尘卷风（天气）
entry,环境效果,"=""4298962299928679023""",Dust Devils (Entity),尘卷风（实体）
entry,环境效果,"=""8912550789086281002""",Fire Tornado,火龙卷（环境）
entry,环境效果,"=""3312206059057944298""",Fire Tornado (Weather),火龙卷（天气）
entry,环境效果,"=""14005216303325302728""",Fire Tornado (Entity),火龙卷（实体）
entry,环境效果,"=""8082123375575513317""",Whirlwinds,旋风（环境）
entry,环境效果,"=""7466837680258892102""",Whirlwinds (Weather),旋风（天气）
entry,环境效果,"=""17360135398080390291""",Whirlwinds (Entity),旋风（实体）
entry,环境效果,"=""16375318272323085214""",Whirlwinds MK2 (Weather),旋风 MK2（天气）
entry,环境效果,"=""35395591269649594""",Whirlwinds MK2 (Entity),旋风 MK2（实体）
entry,环境效果,"=""7213436867165772752""",Tornado,龙卷风（环境）
entry,环境效果,"=""2925214134762726430""",Tornado (Weather),龙卷风（天气）
entry,环境效果,"=""9745469326959617942""",Tornado (Entity),龙卷风（实体）
entry,环境效果,"=""14698846316076652099""",Tornado (Weather),龙卷风 MK2（天气）
entry,环境效果,"=""2801421498225578227""",Tornado (Entity),龙卷风 MK2（实体）
entry,环境效果,"=""15445992454365354016""",Snowstorm,暴风雪（环境）
entry,环境效果,"=""17591740805331981563""",Snowstorm (Weather),暴风雪（天气）
entry,环境效果,"=""13716881457783327350""",Ion Storm,离子风暴（环境）
entry,环境效果,"=""6196760958746040749""",Ion Storm (Weather),离子风暴（天气）
entry,环境效果,"=""4030485156009350934""",Meteor Shower,流星风暴（环境）
entry,环境效果,"=""2036607187954284541""",Meteor Shower (Entity),流星风暴（实体）
entry,环境效果,"=""6975936814670258217""",Acid Storm,酸雨风暴（环境）
entry,环境效果,"=""16930826278911679558""",Acid Storm (Weather),酸雨风暴（天气）
category,新手教程场景物品,,,
entry,新手教程场景物品,"=""4371511811598490931""",Tutorial Helldiver Dummy,绝地潜兵假人
entry,新手教程场景物品,"=""16668812455095794960""",Tutorial Helldiver Dummy MK2,绝地潜兵假人MK2
entry,新手教程场景物品,"=""11329506424240616277""",Objective Carry Flag,旗帜
entry,新手教程场景物品,"=""17902981416659057430""",Objective Basic Terminal,旗帜任务终端机
entry,新手教程场景物品,"=""3306034378071258267""",Stab Machine,针刺机
entry,新手教程场景物品,"=""15341635186769797274""",Tutorial Crossway Hatch,针刺机地板
entry,新手教程场景物品,"=""15749354740743811640""",Tutorial Zoo One Enemy Hatch,针刺机地板 MK2
entry,新手教程场景物品,"=""7532632187257416932""",Tutorial Bug Hole Mechanical,新手教程虫洞
entry,新手教程场景物品,"=""6699176282901212749""",Tutorial Bug Hole Mechanical Scavenger,新手教程虫洞 MK2
entry,新手教程场景物品,"=""12628840167151644876""",Tutorial Weapon Dispenser,物品柜
entry,新手教程场景物品,"=""1329563596910409350""",Tutorial Intro Mission Cryo Rocket,冻肉装载火箭
entry,新手教程场景物品,"=""8663164604167534893""",Defend Horde Rocket,保卫战发射火箭
entry,新手教程场景物品,"=""1184701852267929014""",Tutorial Rocket Walkway,教程火箭步道
category,资源物品,,,
entry,资源物品,"=""8776671053425669033""",Resource Points Ammo,资源点弹药盒
entry,资源物品,"=""13027308828300900709""",Resource Points Stims,资源点治疗针剂
entry,资源物品,"=""10930013077329100956""",Resource Points Grenades,资源点手榴弹包
entry,资源物品,"=""12525242792979901983""",Explosive Barrel,爆炸筒
entry,资源物品,"=""16743928489815142323""",Entrenchment Tool (Model),堑壕工具（三号位，模型）
entry,资源物品,"=""5910727434981086692""",SG-88 Break-Action Shotgun,中折式霰弹枪
entry,资源物品,"=""12219229778730713472""",Sample Container,样本瓶子
entry,资源物品,"=""8074555013069095359""",Common Sample MK1,普通样本 MK1
entry,资源物品,"=""12943291850073424771""",Common Sample MK2,普通样本 MK2
entry,资源物品,"=""5274502359162322681""",Common Sample MK3,普通样本 MK3
entry,资源物品,"=""13741222368367787890""",Common Sample MK4,普通样本 MK4
entry,资源物品,"=""3494241250398732730""",Common Sample MK5,普通样本 MK5
entry,资源物品,"=""7256596000532615782""",Common Sample MK6,普通样本 MK6
entry,资源物品,"=""5771061903247604588""",Common Sample MK7,普通样本 MK7
entry,资源物品,"=""5504262545937421089""",Common Sample MK8,普通样本 MK8
entry,资源物品,"=""10573539759497526597""",Common Sample MK9,普通样本 MK9
entry,资源物品,"=""15304220425359002535""",Common Sample MK10,普通样本 MK10
entry,资源物品,"=""16496326307674548889""",Common Sample MK11,普通样本 MK11
entry,资源物品,"=""9724339804752659124""",Sample,样本
entry,资源物品,"=""13632525282499700070""",Rare Sample MK1,稀有样本 MK1
entry,资源物品,"=""12508512869271882154""",Rare Sample MK2,稀有样本 MK2
entry,资源物品,"=""9369996777284288084""",Rare Sample MK3,稀有样本（损坏）
entry,资源物品,"=""11333649286886241306""",Super Uranium MK1,超级样本
entry,资源物品,"=""13030869719813342633""",Super Uranium MK2,超级样本（损坏）
entry,资源物品,"=""12091492214421903915""",Permanent Fire Zone,永久火焰区域
entry,资源物品,"=""1180816406173185845""",Unlimited Hellpod Drop,无限空投仓降落
entry,资源物品,"=""11654668915819557853""",SAM Launcher,地对空导弹发射器
entry,资源物品,"=""1374362502002005721""",SAM Launcher MK2,地对空导弹发射器 MK2
entry,资源物品,"=""6899731441642484256""",SAM Launcher (Projectile),地对空导弹发射器（射弹）
entry,资源物品,"=""11240016882397388584""",SEAF Artillery,超级地球武装部队大炮
entry,资源物品,"=""11805607547336046440""",SEAF Artillery Loader,大炮装弹机
entry,资源物品,"=""6446649973508573770""",Extraction Helipad,撤离点停机坪
entry,资源物品,"=""2342804839217806141""",Shuttle Escape Entrance,撤离任务公民入口
entry,资源物品,"=""15476367111502679467""",Shuttle Escape Hatch,撤离任务鹈鹕机库
entry,资源物品,"=""3921749220478349097""",Objective Rescue Point,平民撤离点 (无包)
entry,资源物品,"=""15007207091907096107""",Generator,发电机（装饰）
entry,资源物品,"=""12815336614061458907""",Objective ICBM Silo,洲际弹道导弹发射井
entry,资源物品,"=""4789698883114413229""",ICBM,洲际导弹
entry,资源物品,"=""16927169355845479754""",Objective Oil Pump Tower,抽油任务钻机
entry,资源物品,"=""6364351340166354540""",Objective Oil Pump Animated,抽油任务钻机 MK2
entry,资源物品,"=""4190780991503244826""",Objective Oil Pump Active,抽油任务钻机 MK3
category,地形物件,,,
entry,地形物件,"=""12962192433618196129""",Colony Wall Segment,殖民地围墙 墙体
entry,地形物件,"=""17175822661073263743""",Colony Wall Pillar,殖民地围墙 水泥柱
entry,地形物件,"=""15262893187433097986""",Forklift,叉车
entry,地形物件,"=""9664327942425770989""",Defunct Hellbomb,失效的地狱火
category,瞄具,,,
entry,瞄具,"=""2563338563221276096""",Iron Sights,机械瞄具
entry,瞄具,"=""18057548660621900050""",REFLEX SIGHT,反射式瞄具
entry,瞄具,"=""16679248019497222760""",REFLEX SIGHT MKII,反射式瞄具 Mk2
entry,瞄具,"=""16463087638223290762""",HOLOGRAPHIC SIGHT,全息式瞄具
entry,瞄具,"=""5263755883883179916""","TUBE REDDOT 1,5x",1.5 倍瞄具
entry,瞄具,"=""4417202289749475664""",TUBE REDDOT 2x,2 倍瞄具
entry,瞄具,"=""4402481069132887772""",COMBAT SCOPE 4x,4 倍瞄具
entry,瞄具,"=""1872473091043117810""",SNIPER SCOPE 10x,10 倍瞄具
entry,瞄具,"=""11924539088601173343""",DUNE WALKER SNIPER SCOPE 10x,10 倍瞄具（沙丘行者）
entry,瞄具,"=""8287102548341161912""",SNIPER SCOPE 10x HELGHAST,10 倍瞄具（加速步枪）
entry,瞄具,"=""17566682951508615626""",Support Scope,支援武器瞄具
entry,瞄具,"=""13683130201431294801""",Railgun Scope,磁轨炮瞄具
entry,瞄具,"=""6912227352617277315""",PISTOL REFLEX SIGHT,手枪反射式瞄具
entry,瞄具,"=""11388768893657015391""",FAF SPEAR SCOPE,飞矛瞄具
entry,瞄具,"=""9374165754576786577""",MORGUNSON HOLO-SIGHT,莫枪森Holo瞄具(Morgunson Holo)
category,下挂,,,
entry,下挂,"=""8377170608278245884""",Laser Sight,激光瞄准器
entry,下挂,"=""3503658004598565718""",Laser Sight Flashlight,激光瞄准器与手电
entry,下挂,"=""16624552526519423065""",Flashlight,手电
entry,下挂,"=""18005146981972618389""",Vertical Grip,垂直握把
entry,下挂,"=""10757409993037698465""",Vertical Grip Flashlight,垂直握把带手电
entry,下挂,"=""4691712668585732061""",Angled Foregrip,直角握把
entry,下挂,"=""4242942856953408323""",Angled Foregrip With Laser,直角握把带激光瞄准器
entry,下挂,"=""1691211542186203143""",Vertical Grip Advanced,进阶垂直握把
entry,下挂,"=""14869254156987147505""",Vertical Grip 45 Degree,斜握把
entry,下挂,"=""2075060160588494788""",Angled Foregrip Advanced,进阶直角握把
entry,下挂,"=""18227067380659170""",Empty Flashlight,无模型手电筒
entry,下挂,"=""16615299789982261049""",Empty Laser Flashlight,无模型激光手电筒
entry,下挂,"=""12223223486608688232""",Bayonet,刺刀
entry,下挂,"=""201944147320653301""",Grenade Launcher Grenadier,AR/GL-21 幺二 下挂榴弹发射器
entry,下挂,"=""11037037794164389181""",Flamerthrower SMG Flamer,SMG/FLAM-34 司炉者 下挂喷火器
entry,下挂,"=""17585969855336787973""",Trenchgun Bayonet,SG-97 扫荡者 加长刺刀
category,弹匣，弹鼓,,,
entry,弹匣，弹鼓,"=""11887883385073101999""","Rifle 5,5x50mm. Standard",解放者系列 30发短弹匣
entry,弹匣，弹鼓,"=""8926662546857453171""","Rifle 5,5x50mm. Extended",解放者系列 45发扩容弹匣
entry,弹匣，弹鼓,"=""16779953258782481441""","Rifle 5,5x50mm. Drum",解放者系列 60发扩容弹鼓
entry,弹匣，弹鼓,"=""3768595176174354520""","Rifle 5,5x50mm. Standard Fastreload",AR-23C 解放者卡宾 30发快拔短弹匣
entry,弹匣，弹鼓,"=""3275834919183443858""","Rifle 5,5x50mm. Extended Fastreload",AR-23C 解放者卡宾 45发快拔扩容弹匣
entry,弹匣，弹鼓,"=""12970076301082985906""","Rifle 5,5x50mm. Drum Carbine",AR-23C 解放者卡宾 60发快拔弹鼓
entry,弹匣，弹鼓,"=""18256292185666700754""","Whisper Rifle 5,5x50mm. Standard",AR-59 消音器 30发弹鼓
entry,弹匣，弹鼓,"=""5276871085079694052""","Whisper Rifle 5,5x50mm. Drum",AR-59 消音器 60发弹鼓
entry,弹匣，弹鼓,"=""1633441327921975190""",Karbin Rifle Standard,AR-32 安抚者 45发弹匣
entry,弹匣，弹鼓,"=""10825187123122472636""",Rifle 8x40mm Rifle Standard,AR-2 野狼 45发弹匣
entry,弹匣，弹鼓,"=""10983829338642417922""",RIFLE Justice. Short,R-72 审查官 16发短弹匣（废案）
entry,弹匣，弹鼓,"=""5057481484420756285""",RIFLE Justice. Standard,R-72 审查官 20发弹匣
entry,弹匣，弹鼓,"=""4017924551403080839""",RIFLE Justice. Extended,R-72 审查官 30发长弹匣
entry,弹匣，弹鼓,"=""7050869358615705019""",RIFLE Drake. Short,R-4 鬣狗 10发短弹匣
entry,弹匣，弹鼓,"=""3700026632171386477""",RIFLE Drake. Standard,R-4 鬣狗 15发长弹匣
entry,弹匣，弹鼓,"=""6017251023115135062""",SMG 12x25mm. Standard,SMG-37 防卫者 35发短弹匣
entry,弹匣，弹鼓,"=""5899481901079518310""",SMG 12x25mm. Extended,SMG-37 防卫者 45发扩容弹匣
entry,弹匣，弹鼓,"=""8576817326083615795""",SMG 12x25mm. Drum,SMG-37 防卫者 75发弹鼓
entry,弹匣，弹鼓,"=""4328927270333669203""",SMG 12x25mm. Standard Pummeler,SMG-72 暴击斗士 35发短弹匣
entry,弹匣，弹鼓,"=""14741494689753229355""",SMG 12x25mm. Extended Pummeler,SMG-72 暴击斗士 45发扩容弹匣
entry,弹匣，弹鼓,"=""3445906922936249326""",SMG 12x25mm. Drum Pummeler,SMG-72 暴击斗士 75发弹鼓
entry,弹匣，弹鼓,"=""10536115169655287074""",SMG Flamer Standard Magazine,SMG/FLAM-34 司炉者 25发短弹匣
entry,弹匣，弹鼓,"=""1954505123843284861""",SMG Flamer Extended Magazine,SMG/FLAM-34 司炉者 45发扩容弹匣
entry,弹匣，弹鼓,"=""9097122243967356002""",SMG Flamer Drum Magazine,SMG/FLAM-34 司炉者 60发弹鼓
entry,弹匣，弹鼓,"=""4204314609786512989""",SMG 9x20mm. Top Mounted Standard,MP-98 骑士 50发弹匣
entry,弹匣，弹鼓,"=""2445649923648714608""",SMG 9x20mm. Top Mounted Extended,MP-98 骑士 70发大弹匣
entry,弹匣，弹鼓,"=""10309885318445593877""",SMG 9x20mm. Top Mounted Standard Solvent,SMG-203 英勇无畏 50发弹匣
entry,弹匣，弹鼓,"=""7691547289648837263""",SMG 9x20mm. Top Mounted Extended Solvent,SMG-203 英勇无畏 70发大弹匣
entry,弹匣，弹鼓,"=""11066157384975603148""",Shotgun 12g. Magazine Standard,破裂者系列 13发短弹匣
entry,弹匣，弹鼓,"=""7546010150065048137""",SHOTGUN 12g. Magazine Extended,破裂者系列 16发扩容弹匣
entry,弹匣，弹鼓,"=""4457329115126715741""",SHOTGUN 12g. Drum,破裂者系列 26发弹鼓
entry,弹匣，弹鼓,"=""11794703064670336233""",Shotgun 12g. Magazine Standard Light,SG-225SP 鸟弹 13发短弹匣
entry,弹匣，弹鼓,"=""7452428864091236583""",SHOTGUN 12g. Magazine Extended Light,SG-225SP 鸟弹 16发扩容弹匣
entry,弹匣，弹鼓,"=""291864303212575658""",SHOTGUN 12g. Drum Light,SG-225SP 鸟弹 26发弹鼓
entry,弹匣，弹鼓,"=""13122103107948030556""",Laser Heatsink. Medium Standard,LAS-5 长柄镰 8s标准散热器
entry,弹匣，弹鼓,"=""6190751550629622522""",Laser Heatsink. Medium Improved Heatcapacity,LAS-5 长柄镰 12s高容量散热器
entry,弹匣，弹鼓,"=""9708860688333598373""",Laser Heatsink. Medium Improved Cooldown,LAS-5 长柄镰 5s高功率散热器
entry,弹匣，弹鼓,"=""13036092446294397076""",Laser Heatsink (Charge). Rapid Heatsink,LAS-22 切变 2s快速过热散热器
entry,弹匣，弹鼓,"=""13297375371974664299""",Laser Heatsink (Charge). Standard Heatsink,LAS-22 切变 4s标准散热器
entry,弹匣，弹鼓,"=""9064102588392836950""",Laser Heatsink (Charge). Extended Heatsink,LAS-22 切变 7s改良散热器
entry,弹匣，弹鼓,"=""1818307318784878249""",Plasma Medium. Canister Standard,PLAS-101 净化者 15发等离子弹匣
entry,弹匣，弹鼓,"=""9291105500383269587""",Plasma Medium. Canister Extended,PLAS-1 焦土 20发等离子扩容弹匣
entry,弹匣，弹鼓,"=""12439365467465081873""",Plasma Pistol. Canister Pistol,PLAS-15 忠诚者 8发等离子弹匣
entry,弹匣，弹鼓,"=""11027915531501354241""",Plasma Pistol. Canister Extended,PLAS-15 忠诚者 13发等离子弹匣
entry,弹匣，弹鼓,"=""14452522868562188951""",Pistol 9x20mm. Extended,P-2 和平制造者 15发弹匣
entry,弹匣，弹鼓,"=""5729597501657769521""",Pistol 12x20mm. Standard,P-19 救世主 31发长弹匣
entry,弹匣，弹鼓,"=""16780842349359893039""",RIFLE 9x70mm. Standard,9×70mm 标准步枪弹夹
entry,弹匣，弹鼓,"=""13923078706375087587""",RIFLE 9x70mm. Extended,9×70mm 扩容步枪弹夹
entry,弹匣，弹鼓,"=""15151942165455114152""",Jet Assisted Rifle 15mm. Drum Standard,15mm 喷气辅助步枪弹鼓
category,枪口配件,,,
entry,枪口配件,"=""8461770958804471754""",5.5mm. Naked,5.5mm无枪口
entry,枪口配件,"=""3375286472059951732""","5,5mm. Flash Hider",5.5mm 消焰器
entry,枪口配件,"=""6637750995636466699""","5,5mm. Muzzle break",5.5mm 制退器
entry,枪口配件,"=""2931537446798109347""","5,5mm. Compensator",5.5mm 补偿器
entry,枪口配件,"=""8869063222391656748""",8mm. Naked,8mm 无枪口
entry,枪口配件,"=""17998083042837534904""",8mm. Flash Hider,8mm 消焰器
entry,枪口配件,"=""12795189377325640140""",8mm. Muzzle break,8mm 制退器
entry,枪口配件,"=""11580211633362345240""",8mm. Compensator,8mm 补偿器
entry,枪口配件,"=""11070612253882557865""",9mm. Naked,9mm 无枪口
entry,枪口配件,"=""13346297317041401928""",9mm. Flash Hider,9mm 消焰器
entry,枪口配件,"=""17412440896140003920""",9mm. Muzzle break,9mm 制退器
entry,枪口配件,"=""15893143384222030095""",9mm. Compensator,9mm 补偿器
entry,枪口配件,"=""7748723127387084686""",12mm. Naked,12mm 无枪口
entry,枪口配件,"=""3560721596127226263""",12mm. Flash Hider,12mm 消焰器
entry,枪口配件,"=""2804704169649005861""",12mm. Muzzle break,12mm 制退器
entry,枪口配件,"=""17042267079945714520""",12mm. Compensator,12mm 补偿器
entry,枪口配件,"=""13074477769665559454""",10g. Half Choke,10号霰弹 半喉缩
entry,枪口配件,"=""4244847585173431214""",10g. Full Choke,10号霰弹 全喉缩
entry,枪口配件,"=""14340382343174070789""",10g. Duckbill,10号霰弹 鸭嘴
entry,枪口配件,"=""15622846233925959454""",12g. Standard Choke,12号霰弹无收束器
entry,枪口配件,"=""769608404923492902""",12g. Half Choke,12号霰弹 半喉缩
entry,枪口配件,"=""8462610023518099908""",12g. Full Choke,12号霰弹 全喉缩
entry,枪口配件,"=""10147513372326869849""",12g. Duckbill,12号霰弹 鸭嘴
entry,枪口配件,"=""6294251159044593677""","5,5mm. Muzzle brake Custom Penetrator",AR-23P 穿甲解放者 制退器
entry,枪口配件,"=""181294882810468657""",5mm. Muzzle brake Custom Karbin,AR-32 安抚者 制退器
entry,枪口配件,"=""6854902929570205451""",8mm. Muzzle brake Custom Tenderdizer,AR-61 肉锤 制退器
entry,枪口配件,"=""13467018118412292185""",8mm. Muzzle brake Custom Adjudicator,BR-41 审判者 制退器
entry,枪口配件,"=""6712204506474975956""",8mm. Muzzle brake Custom Assault Rifle Large Calibre,AR-2 野狼 制退器
entry,枪口配件,"=""9479091149602704344""",9mm. Muzzle brake Custom Diligence Counter Sniper,R-63CS 反狙击勤勉 制退器
entry,枪口配件,"=""5061600508839293981""",Muzzle brake Custom Drake,R-4 鬣狗 制退器
entry,枪口配件,"=""14897104891499249134""",Laser. Standard Prism,LAS-5 长柄镰 激光器棱镜
entry,枪口配件,"=""9063175003097027107""",Laser. Charge Standard,LAS-22 切变 激光器棱镜
entry,枪口配件,"=""5211183018200410695""",Revolver. Medium Barrel,左轮手枪 长枪管
category,未应用配件,,,
entry,未应用配件,"=""850458585731750803""",PISTOL-SMG 9x20mm. EXPLOSIVE,9x20mm 手枪冲锋枪 高爆
entry,未应用配件,"=""14363808857687781345""",PISTOL-SMG 9x20mm. FULL METAL JACKET,9x20mm 手枪冲锋枪 全金属被甲
entry,未应用配件,"=""8094740713547056081""",PISTOL-SMG 9x20mm. HOLLOW POINT,9x20mm 手枪冲锋枪 空尖
entry,未应用配件,"=""5209856311545109809""",PISTOL-SMG 9x20mm. HIGH VELOCITY,9x20mm 手枪冲锋枪 高速
entry,未应用配件,"=""9240136906287372304""",PISTOL-SMG 9x20mm. PLASMA,9x20mm 手枪冲锋枪 等离子
entry,未应用配件,"=""10333851492719329776""",PISTOL-SMG 9x20mm. RIPPER,9x20mm 手枪冲锋枪 撕碎者
entry,未应用配件,"=""6157227374233642402""",PISTOL-SMG 9x20mm. THERMITE,9x20mm 手枪冲锋枪 铝热剂
entry,未应用配件,"=""7910041181649433073""",PISTOL-SMG 9x20mm. TOXIC,9x20mm 手枪冲锋枪 毒性
entry,未应用配件,"=""3017520251559120449""",PISTOL-SMG 12x25mm. FULL METAL JACKET,12x25mm 手枪冲锋枪 全金属被甲
entry,未应用配件,"=""2599032621541645664""",PISTOL-SMG 12x25mm. HOLLOW POINT,12x25mm 手枪冲锋枪 空尖
entry,未应用配件,"=""9290043141086983594""",PISTOL-SMG 12x25mm. HIGH VELOCITY,12x25mm 手枪冲锋枪 高速
entry,未应用配件,"=""12646066975301281183""",PISTOL-SMG 12x25mm. Plasma,12x25mm 手枪冲锋枪 等离子
entry,未应用配件,"=""1870800911349018316""",PISTOL-SMG 12x25mm. Ripper,12x25mm 手枪冲锋枪 撕碎者
entry,未应用配件,"=""4964499945670853068""",PISTOL-SMG 12x25mm. THERMITE,12x25mm 手枪冲锋枪 铝热剂
entry,未应用配件,"=""6496346306736513044""",PISTOL-SMG 12x25mm. TOXIC,12x25mm 手枪冲锋枪 毒性
entry,未应用配件,"=""3341808157293395105""",PISTOL-SMG 12x25mm. Explosive,12x25mm 手枪冲锋枪 高爆
entry,未应用配件,"=""12104456316024842500""",REVOLVER 13x40mm. PENETRATOR,13x40mm 左轮 穿甲
entry,未应用配件,"=""11631927475746250127""",REVOLVER 13x40mm. FULL METAL JACKET,13x40mm 左轮 全金属被甲
entry,未应用配件,"=""13418391240371603175""",REVOLVER 13x40mm. HOLLOW POINT,13x40mm 左轮 空尖
entry,未应用配件,"=""6125423136876178521""",REVOLVER 13x40mm. MAGNUM,13x40mm 左轮 马格南
entry,未应用配件,"=""4679347772048489606""",REVOLVER 13x40mm. RIPPER,13x40mm 左轮 撕碎者
entry,未应用配件,"=""18411494561001321365""","RIFLE 5,5x50mm. PENETRATOR",5.5x50mm 步枪 穿甲
entry,未应用配件,"=""484429952482723481""","RIFLE 5,5x50mm. DEVASTATOR",5.5x50mm 步枪 毁灭者
entry,未应用配件,"=""14196770709344949467""","RIFLE 5,5x50mm. EXPLOSIVE",5.5x50mm 步枪 高爆
entry,未应用配件,"=""8968605231332247284""","RIFLE 5,5x50mm. FULL METAL JACKET",5.5x50mm 步枪 全金属被甲
entry,未应用配件,"=""2590701024829825335""","RIFLE 5,5x50mm. HOLLOW-POINT",5.5x50mm 步枪 空尖
entry,未应用配件,"=""14178958771200617393""","RIFLE 5,5x50mm. HIGH VELOCITY",5.5x50mm 步枪 高速
entry,未应用配件,"=""12230740417430930824""","RIFLE 5,5x50mm. DOUBLE POWER",5.5x50mm 步枪 双倍威力
entry,未应用配件,"=""5987903507891376719""","RIFLE 5,5x50mm. RIPPER",5.5x50mm 步枪 撕碎者
entry,未应用配件,"=""11796490182876748967""","RIFLE 5,5x50mm. SELF PROPELLED",5.5x50mm 步枪 自推进
entry,未应用配件,"=""2979229929919037870""","RIFLE 5,5x50mm. SUB SONIC",5.5x50mm 步枪 亚音速
entry,未应用配件,"=""3809327539759296667""","RIFLE 5,5x50mm. SUPER URANIUM CORE",5.5x50mm 步枪 超铀芯
entry,未应用配件,"=""7340713983800195365""",RIFLE 8x60mm. AIRBURST,8x60mm 步枪 空爆
entry,未应用配件,"=""3167067251300074152""",RIFLE 8x60mm. PENETRATOR,8x60mm 步枪 穿甲
entry,未应用配件,"=""13781964383390459416""",RIFLE 8x60mm. DEVASTATOR,8x60mm 步枪 毁灭者
entry,未应用配件,"=""5605033683682918620""",RIFLE 8x60mm. EXPLOSIVE,8x60mm 步枪 高爆
entry,未应用配件,"=""13303799493899699724""",RIFLE 8x60mm. LIBERTY FIRE,8x60mm 步枪 自由之火
entry,未应用配件,"=""2514802833646660466""",RIFLE 8x60mm. FULL METAL JACKET,8x60mm 步枪 全金属被甲
entry,未应用配件,"=""4766109456072848689""",RIFLE 8x60mm. HIGH VELOCITY,8x60mm 步枪 高速
entry,未应用配件,"=""4293913785112827449""",RIFLE 8x60mm. DOUBLE POWER,8x60mm 步枪 双倍威力
entry,未应用配件,"=""12059633364471565545""",RIFLE 8x60mm. SNIPER ARMOR PIERCING,8x60mm 步枪 狙击穿甲
entry,未应用配件,"=""9920495001494124334""",RIFLE 8x60mm. SUB SONIC,8x60mm 步枪 亚音速
entry,未应用配件,"=""2880865434863531074""",RIFLE 8x60mm. SUPER URANIUM CORE,8x60mm 步枪 超铀芯
entry,未应用配件,"=""3838212950392829402""",RIFLE 9x70mm. PENETRATOR,9x70mm 步枪 穿甲
entry,未应用配件,"=""15291086148262744071""",RIFLE 9x70mm. Full Metal Jacket,9x70mm 步枪 全金属被甲
entry,未应用配件,"=""9698011786116553554""",RIFLE 9x70mm. High Velocity,9x70mm 步枪 高速
entry,未应用配件,"=""9564780761412965151""",RIFLE 9x70mm. Sniper Armor Piercing,9x70mm 步枪 狙击穿甲
entry,未应用配件,"=""17579117517332156085""",RIFLE 9x70mm. SOCOM ASSASSIN,9x70mm 步枪 特种作战刺客
entry,未应用配件,"=""3026084527245306979""",RIFLE 9x70mm. SELF PROPELLED,9x70mm 步枪 自推进
entry,未应用配件,"=""18187204295284363245""",RIFLE 9x70mm. SUPER URANIUM CORE,9x70mm 步枪 超铀芯
entry,未应用配件,"=""16615236272065661871""",ROCKET 15x100mm. EMP-ROUNDS,15x100mm 火箭 EMP弹
entry,未应用配件,"=""12577844419551998690""",ROCKET 15x100mm. HIGH EXPLOSIVE,15x100mm 火箭 高爆
entry,未应用配件,"=""289982163976377481""",ROCKET 15x100mm. FRAGMENTATION,15x100mm 火箭 破片
entry,未应用配件,"=""16707922583032526000""",ROCKET 15x100mm. PLASMA,15x100mm 火箭 等离子
entry,未应用配件,"=""3147715616679615072""",ROCKET 15x100mm. HIGH VELOCITY,15x100mm 火箭 高速
entry,未应用配件,"=""11602396769084732948""",ROCKET 15x100mm. STANDARD ROCKET,15x100mm 火箭 标准火箭
entry,未应用配件,"=""16708371660254757709""",ROCKET 15x100mm. THERMITE,15x100mm 火箭 铝热剂
entry,未应用配件,"=""7464899814204426196""",ROCKET 15x100mm. TOXIC,15x100mm 火箭 毒性
entry,未应用配件,"=""9426047261326106827""",SHOTGUN 10g. BIRDSHOT,10号霰弹 鸟弹
entry,未应用配件,"=""12002370982831699593""",SHOTGUN 10g. BUCKSHOT ALTERNATE,10号霰弹 鹿弹改
entry,未应用配件,"=""17149704172731226520""",SHOTGUN 10g. BUCKSHOT,10号霰弹 鹿弹
entry,未应用配件,"=""8270706170311863943""",SHOTGUN 10g. BUCKSHOT ALTERNATE,10号霰弹 鹿弹改
entry,未应用配件,"=""239197801981926872""",SHOTGUN 10g. BUGSHOT,10号霰弹 杀虫弹
entry,未应用配件,"=""5965690808911126698""",SHOTGUN 10g. BUGSHOT ALTERNATE,10号霰弹 杀虫弹改
entry,未应用配件,"=""2064851534101496352""",SHOTGUN 10g. FLECHETTES,10号霰弹 箭形弹
entry,未应用配件,"=""14634849344550817418""",SHOTGUN 10g. FLECHETTES ALTERNATE,10号霰弹 箭形弹改
entry,未应用配件,"=""4195280840090515811""",SHOTGUN 10g. LIBERTY FIRE,10号霰弹 自由之火
entry,未应用配件,"=""7327455783055875777""",SHOTGUN 10g. LIBERTY FIRE ALTERNATE,10号霰弹 自由之火改
entry,未应用配件,"=""11600043045010232814""",SHOTGUN 10g. FRAGMENTATION,10号霰弹 破片
entry,未应用配件,"=""4340813747243931178""",SHOTGUN 10g. FRAGMENTATION ALTERNATE,10号霰弹 破片改
entry,未应用配件,"=""2090008629295011340""",SHOTGUN 10g. MAGNUM,10号霰弹 马格南
entry,未应用配件,"=""1892083027011120031""",SHOTGUN 10g. MAGNUM ALTERNATE,10号霰弹 马格南改
entry,未应用配件,"=""14987259541096383553""",SHOTGUN 10g. MAGNUM TRIBALL,10号霰弹 马格南三联弹
entry,未应用配件,"=""14151396832999859003""",SHOTGUN 10g. MAGNUM TRIBALL ALTERNATE,10号霰弹 马格南三联弹改
entry,未应用配件,"=""10610862023671609031""",SHOTGUN 10g. DUAL SABOT,10号霰弹 双脱壳穿甲
entry,未应用配件,"=""11431608920433270829""",SHOTGUN 10g. DUAL SABOT ALTERNATE,10号霰弹 双脱壳穿甲改
entry,未应用配件,"=""4730815526250984143""",SHOTGUN 10g. DUAL SABOT,10号霰弹 双脱壳穿甲
entry,未应用配件,"=""17416555602014346003""",SHOTGUN 10g. DUAL SABOT ALTERNATE,10号霰弹 双脱壳穿甲改
entry,未应用配件,"=""11212324065430847557""",SHOTGUN 10g. HIGH VELOCITY SABOT,10号霰弹 高速脱壳穿甲
entry,未应用配件,"=""11575534867174269199""",SHOTGUN 10g. HIGH VELOCITY SABOT ALTERNATE,10号霰弹 高速脱壳穿甲改
entry,未应用配件,"=""17972556449471625637""",SHOTGUN 10g. SCATTER SHOT,10号霰弹 散射弹
entry,未应用配件,"=""287489409911644495""",SHOTGUN 10g. SCATTER SHOT ALTERNATE,10号霰弹 散射弹改
entry,未应用配件,"=""7934200689969124702""",SHOTGUN 10g. SLUG,10号霰弹 独头弹
entry,未应用配件,"=""18375895465450278103""",SHOTGUN 10g. SLUG ALTERNATE,10号霰弹 独头弹改
entry,未应用配件,"=""14979141397050578284""",SHOTGUN 10g. TRI-BALL,10号霰弹 三联弹
entry,未应用配件,"=""18336379892682296833""",SHOTGUN 10g. TRI-BALL ALTERNATE,10号霰弹 三联弹改
entry,未应用配件,"=""12197413991147192027""",SHOTGUN 10g. Stun,10号霰弹 眩晕弹
entry,未应用配件,"=""14485739291695130526""",SHOTGUN 10g. Stun ALTERNATE,10号霰弹 眩晕弹改
entry,未应用配件,"=""16162843298888959181""",SHOTGUN 12g. BIRDSHOT,12号霰弹 鸟弹
entry,未应用配件,"=""3769047134538442866""",SHOTGUN 12g. BIRDSHOT,12号霰弹 鸟弹
entry,未应用配件,"=""5740915416175624640""",SHOTGUN 12g. BUGSHOT,12号霰弹 杀虫弹
entry,未应用配件,"=""18087320921323565766""",SHOTGUN 12g. FLECHETTES,12号霰弹 箭形弹
entry,未应用配件,"=""12579633305480492682""",SHOTGUN 12g. LIBERTY FIRE,12号霰弹 自由之火
entry,未应用配件,"=""18019357654418429894""",SHOTGUN 12g. MAGNUM,12号霰弹 马格南
entry,未应用配件,"=""16547554515282762153""",SHOTGUN 12g. MAGNUM TRIBALL,12号霰弹 马格南三联弹
entry,未应用配件,"=""3635091080574467542""",SHOTGUN 12g. SCATTER SHOT,12号霰弹 散射弹
entry,未应用配件,"=""18084276770746759933""",SHOTGUN 12g. TRI-BALL,12号霰弹 三联弹
entry,未应用配件,"=""8673823970078857158""",Recoil Spring Liberator,解放者复进簧
entry,未应用配件,"=""16808874559677504064""",Recoil Spring Patriot,爱国者复进簧
entry,未应用配件,"=""14524092321344141906""",Tighter Breechblock,紧配合闭锁块
entry,未应用配件,"=""8410798392120980739""",10g. Standard Choke,10号霰弹 无收束器
entry,未应用配件,"=""11045926829781447020""",SNIPER SCOPE 10x SHARK,40K 热熔枪 10倍瞄准镜
entry,未应用配件,"=""11437631575828482649""",Default,默认
entry,未应用配件,"=""1622237458159582882""",Helldiver Classic Solid,地狱潜兵经典纯色
entry,未应用配件,"=""9027607218564033524""",Forest Solid,森林纯色
entry,未应用配件,"=""10171622125336297466""",Forest Camo,森林迷彩
entry,未应用配件,"=""5907160336990583167""",Arctic Solid,极地纯色
entry,未应用配件,"=""17948943993955173133""",Arctic Camo,极地迷彩
entry,未应用配件,"=""16222381778807891703""",Desert Solid,沙漠纯色
entry,未应用配件,"=""10324565671558012465""",Desert Camo,沙漠迷彩
entry,未应用配件,"=""16124926598284115974""",Urban Solid,都市纯色
entry,未应用配件,"=""11922880244874214807""",Urban Camo,都市迷彩
entry,未应用配件,"=""8381211330462409119""",Night Solid,夜间纯色
entry,未应用配件,"=""8806876370553968256""",Venus Solid,金星纯色
entry,未应用配件,"=""15853858023476926424""",Default Trigger,默认扳机
entry,未应用配件,"=""8376160989166120813""",Progressive Trigger,渐进扳机
entry,未应用配件,"=""14294806289949965364""",Hair Trigger,轻扳机
entry,未应用配件,"=""11559192118362818531""",Empty Laser,无模型激光
category,轨道火力网-升级,,,
entry,轨道火力网-升级,"=""11455381599113994087""",380mm Barrage Total Bombs Upgrade,380mm 火力网 投弹总数升级
entry,轨道火力网-升级,"=""18164810970101004561""",Barrage Hellbomb Upgrade,火力网 地狱火升级
entry,轨道火力网-升级,"=""15800417501541358928""",Orbital Incendiary Gatling,轨道燃烧加特林
entry,轨道火力网-升级,"=""17415866465906176705""",Barrage Nuke Upgrade,火力网 核弹升级
entry,轨道火力网-升级,"=""10180919258197747588""",Orbital Napalm Gas Barrage,轨道燃烧毒气火力网
entry,轨道火力网-升级,"=""12559788354759869264""",Orbital 120mm EMS Barrage,轨道静电120mm火力网
entry,轨道火力网-升级,"=""962961828789913628""",Orbital Laser Upgrade,轨道激光升级
entry,轨道火力网-升级,"=""17319471347536889878""",Oribtal Railcannon Upgrade MK1,轨道炮升级 MK1
entry,轨道火力网-升级,"=""1563956653789437021""",Oribtal Railcannon Upgrade MK2,轨道炮升级 MK2
